insert into sucursal (id_sucursal, nombre, apertura, direccion , h_inicio, h_cierre) values (1, 'Voonix', '05/02/2022', '15935 Onsgard Road', '8:25', '12:01');
insert into sucursal (id_sucursal, nombre, apertura, direccion , h_inicio, h_cierre) values (2, 'Minyx', '27/01/2022', '7 Center Way', '7:13', '8:05');
insert into sucursal (id_sucursal, nombre, apertura, direccion , h_inicio, h_cierre) values (3, 'Babbleset', '17/09/2022', '01520 School Pass', '7:13', '2:10');
insert into sucursal (id_sucursal, nombre, apertura, direccion , h_inicio, h_cierre) values (4, 'Youopia', '17/10/2022', '01 Dorton Circle', '8:19', '4:50');
insert into sucursal (id_sucursal, nombre, apertura, direccion , h_inicio, h_cierre) values (5, 'Wordpedia', '05/01/2022', '163 Paget Junction', '8:40', '5:06');
insert into sucursal (id_sucursal, nombre, apertura, direccion , h_inicio, h_cierre) values (6, 'Skyble', '30/06/2022', '03 Harper Avenue', '7:22', '15:52');
insert into sucursal (id_sucursal, nombre, apertura, direccion , h_inicio, h_cierre) values (7, 'Zava', '08/10/2022', '35 Hallows Court', '7:12', '8:51');
insert into sucursal (id_sucursal, nombre, apertura, direccion , h_inicio, h_cierre) values (8, 'Meeveo', '10/10/2022', '96117 Susan Terrace', '9:00', '8:27');
insert into sucursal (id_sucursal, nombre, apertura, direccion , h_inicio, h_cierre) values (9, 'Brainverse', '10/12/2021', '08 Westridge Hill', '7:12', '17:19');
insert into sucursal (id_sucursal, nombre, apertura, direccion , h_inicio, h_cierre) values (10, 'Edgepulse', '11/05/2022', '93 Cascade Circle', '8:30', '17:44');
insert into sucursal (id_sucursal, nombre, apertura, direccion , h_inicio, h_cierre) values (11, 'Digitube', '12/03/2022', '097 Golf View Terrace', '7:39', '2:52');
insert into sucursal (id_sucursal, nombre, apertura, direccion , h_inicio, h_cierre) values (12, 'Topicblab', '28/04/2022', '83 Donald Plaza', '7:51', '17:00');
insert into sucursal (id_sucursal, nombre, apertura, direccion , h_inicio, h_cierre) values (13, 'Youspan', '12/05/2022', '93808 Carey Circle', '8:35', '15:47');
insert into sucursal (id_sucursal, nombre, apertura, direccion , h_inicio, h_cierre) values (14, 'Gabspot', '16/07/2022', '136 Sachs Lane', '7:17', '5:08');
insert into sucursal (id_sucursal, nombre, apertura, direccion , h_inicio, h_cierre) values (15, 'Oloo', '07/08/2022', '1867 Lawn Hill', '8:42', '19:09');
insert into sucursal (id_sucursal, nombre, apertura, direccion , h_inicio, h_cierre) values (16, 'Realcube', '15/06/2022', '0 Meadow Vale Pass', '8:28', '7:16');
insert into sucursal (id_sucursal, nombre, apertura, direccion , h_inicio, h_cierre) values (17, 'Yakijo', '10/02/2022', '480 Grasskamp Place', '7:01', '5:29');
insert into sucursal (id_sucursal, nombre, apertura, direccion , h_inicio, h_cierre) values (18, 'Vipe', '04/01/2022', '5 Mifflin Road', '8:59', '14:33');
insert into sucursal (id_sucursal, nombre, apertura, direccion , h_inicio, h_cierre) values (19, 'Fivespan', '08/03/2022', '6 Anthes Parkway', '7:17', '9:11');
insert into sucursal (id_sucursal, nombre, apertura, direccion , h_inicio, h_cierre) values (20, 'Chatterpoint', '08/03/2022', '8387 Thackeray Terrace', '8:58', '5:35');
insert into sucursal (id_sucursal, nombre, apertura, direccion , h_inicio, h_cierre) values (21, 'Vitz', '17/02/2022', '2791 Del Sol Point', '8:19', '12:27');
insert into sucursal (id_sucursal, nombre, apertura, direccion , h_inicio, h_cierre) values (22, 'Voonix', '18/02/2022', '1503 Lakewood Gardens Plaza', '8:14', '8:11');
insert into sucursal (id_sucursal, nombre, apertura, direccion , h_inicio, h_cierre) values (23, 'Gigashots', '21/01/2022', '575 Randy Center', '7:13', '14:20');
insert into sucursal (id_sucursal, nombre, apertura, direccion , h_inicio, h_cierre) values (24, 'Riffpath', '13/04/2022', '0 Sullivan Parkway', '8:48', '2:58');
insert into sucursal (id_sucursal, nombre, apertura, direccion , h_inicio, h_cierre) values (25, 'Jazzy', '15/04/2022', '2 International Court', '8:49', '14:16');
insert into sucursal (id_sucursal, nombre, apertura, direccion , h_inicio, h_cierre) values (26, 'Zoonder', '19/06/2022', '92 Heffernan Junction', '9:05', '1:40');
insert into sucursal (id_sucursal, nombre, apertura, direccion , h_inicio, h_cierre) values (27, 'Skipstorm', '29/10/2022', '62559 Carpenter Pass', '8:06', '15:07');
insert into sucursal (id_sucursal, nombre, apertura, direccion , h_inicio, h_cierre) values (28, 'Skyndu', '24/11/2022', '06699 Memorial Plaza', '7:19', '19:07');
insert into sucursal (id_sucursal, nombre, apertura, direccion , h_inicio, h_cierre) values (29, 'Kaymbo', '05/02/2022', '176 Messerschmidt Circle', '7:04', '12:20');
insert into sucursal (id_sucursal, nombre, apertura, direccion , h_inicio, h_cierre) values (30, 'Thoughtbeat', '02/11/2022', '760 Elgar Trail', '7:43', '3:07');
insert into sucursal (id_sucursal, nombre, apertura, direccion , h_inicio, h_cierre) values (31, 'Vidoo', '25/10/2022', '4814 Kensington Point', '8:31', '0:00');
insert into sucursal (id_sucursal, nombre, apertura, direccion , h_inicio, h_cierre) values (32, 'Katz', '19/05/2022', '4694 Artisan Park', '9:04', '15:22');
insert into sucursal (id_sucursal, nombre, apertura, direccion , h_inicio, h_cierre) values (33, 'Miboo', '29/03/2022', '99 Melrose Park', '7:49', '0:59');
insert into sucursal (id_sucursal, nombre, apertura, direccion , h_inicio, h_cierre) values (34, 'Feedspan', '07/07/2022', '2 Porter Drive', '9:00', '10:27');
insert into sucursal (id_sucursal, nombre, apertura, direccion , h_inicio, h_cierre) values (35, 'Meevee', '01/07/2022', '7 Goodland Plaza', '7:21', '14:08');
insert into sucursal (id_sucursal, nombre, apertura, direccion , h_inicio, h_cierre) values (36, 'Zoomzone', '13/08/2022', '8 Brentwood Street', '8:58', '6:27');
insert into sucursal (id_sucursal, nombre, apertura, direccion , h_inicio, h_cierre) values (37, 'Einti', '08/06/2022', '17 Michigan Drive', '7:58', '1:00');
insert into sucursal (id_sucursal, nombre, apertura, direccion , h_inicio, h_cierre) values (38, 'Babbleblab', '25/01/2022', '3 Tony Plaza', '8:15', '8:03');
insert into sucursal (id_sucursal, nombre, apertura, direccion , h_inicio, h_cierre) values (39, 'Linktype', '26/08/2022', '88 Upham Hill', '7:18', '16:38');
insert into sucursal (id_sucursal, nombre, apertura, direccion , h_inicio, h_cierre) values (40, 'Photobug', '05/08/2022', '7 Cherokee Drive', '7:17', '5:10');
insert into sucursal (id_sucursal, nombre, apertura, direccion , h_inicio, h_cierre) values (41, 'Jaxworks', '09/09/2022', '560 Manley Trail', '8:36', '11:47');
insert into sucursal (id_sucursal, nombre, apertura, direccion , h_inicio, h_cierre) values (42, 'Yodel', '09/11/2022', '5624 Veith Drive', '8:46', '4:48');
insert into sucursal (id_sucursal, nombre, apertura, direccion , h_inicio, h_cierre) values (43, 'Divape', '20/03/2022', '0633 Kensington Alley', '8:42', '8:40');
insert into sucursal (id_sucursal, nombre, apertura, direccion , h_inicio, h_cierre) values (44, 'Lajo', '15/06/2022', '5891 Moose Terrace', '9:02', '12:28');
insert into sucursal (id_sucursal, nombre, apertura, direccion , h_inicio, h_cierre) values (45, 'Skipfire', '19/02/2022', '7 Lien Lane', '8:46', '8:24');
insert into sucursal (id_sucursal, nombre, apertura, direccion , h_inicio, h_cierre) values (46, 'Tagtune', '28/05/2022', '7749 Havey Road', '7:41', '6:48');
insert into sucursal (id_sucursal, nombre, apertura, direccion , h_inicio, h_cierre) values (47, 'Edgeclub', '25/05/2022', '9 8th Trail', '7:46', '11:24');
insert into sucursal (id_sucursal, nombre, apertura, direccion , h_inicio, h_cierre) values (48, 'Thoughtstorm', '13/09/2022', '9071 Larry Junction', '9:02', '14:20');
insert into sucursal (id_sucursal, nombre, apertura, direccion , h_inicio, h_cierre) values (49, 'Kayveo', '30/10/2022', '81 Buell Terrace', '7:46', '14:15');
insert into sucursal (id_sucursal, nombre, apertura, direccion , h_inicio, h_cierre) values (50, 'Thoughtmix', '15/02/2022', '40838 Atwood Road', '7:34', '4:31');
insert into sucursal (id_sucursal, nombre, apertura, direccion , h_inicio, h_cierre) values (51, 'Realcube', '24/09/2022', '7 Northport Street', '8:13', '3:03');
insert into sucursal (id_sucursal, nombre, apertura, direccion , h_inicio, h_cierre) values (52, 'Lazzy', '26/02/2022', '102 School Park', '8:44', '2:02');
insert into sucursal (id_sucursal, nombre, apertura, direccion , h_inicio, h_cierre) values (53, 'Topicstorm', '17/07/2022', '727 Granby Junction', '7:48', '9:42');
insert into sucursal (id_sucursal, nombre, apertura, direccion , h_inicio, h_cierre) values (54, 'Devify', '16/10/2022', '5 Mallory Hill', '8:52', '12:15');
insert into sucursal (id_sucursal, nombre, apertura, direccion , h_inicio, h_cierre) values (55, 'Kaymbo', '19/08/2022', '69 Farwell Parkway', '8:00', '3:10');
insert into sucursal (id_sucursal, nombre, apertura, direccion , h_inicio, h_cierre) values (56, 'Eare', '14/03/2022', '0 Upham Drive', '7:34', '10:44');
insert into sucursal (id_sucursal, nombre, apertura, direccion , h_inicio, h_cierre) values (57, 'Gigabox', '31/08/2022', '5 Anhalt Place', '8:34', '17:03');
insert into sucursal (id_sucursal, nombre, apertura, direccion , h_inicio, h_cierre) values (58, 'Eazzy', '21/03/2022', '692 Summit Street', '7:32', '19:18');
insert into sucursal (id_sucursal, nombre, apertura, direccion , h_inicio, h_cierre) values (59, 'Mybuzz', '04/02/2022', '1 7th Center', '7:31', '17:48');
insert into sucursal (id_sucursal, nombre, apertura, direccion , h_inicio, h_cierre) values (60, 'Buzzster', '04/10/2022', '8313 Westridge Trail', '8:42', '6:54');
insert into sucursal (id_sucursal, nombre, apertura, direccion , h_inicio, h_cierre) values (61, 'Oodoo', '05/11/2022', '8 Bay Park', '7:42', '4:17');
insert into sucursal (id_sucursal, nombre, apertura, direccion , h_inicio, h_cierre) values (62, 'Twiyo', '23/11/2022', '7 Everett Place', '7:34', '10:57');
insert into sucursal (id_sucursal, nombre, apertura, direccion , h_inicio, h_cierre) values (63, 'Dabtype', '05/08/2022', '3027 Merchant Junction', '9:17', '10:08');
insert into sucursal (id_sucursal, nombre, apertura, direccion , h_inicio, h_cierre) values (64, 'Yakijo', '18/11/2022', '85 Ramsey Road', '8:57', '19:59');
insert into sucursal (id_sucursal, nombre, apertura, direccion , h_inicio, h_cierre) values (65, 'Voonix', '18/08/2022', '6 Graceland Place', '7:32', '8:18');
insert into sucursal (id_sucursal, nombre, apertura, direccion , h_inicio, h_cierre) values (66, 'Kazu', '22/12/2021', '6261 Westend Court', '8:31', '11:50');
insert into sucursal (id_sucursal, nombre, apertura, direccion , h_inicio, h_cierre) values (67, 'Fivechat', '02/08/2022', '72803 Meadow Vale Pass', '7:31', '17:03');
insert into sucursal (id_sucursal, nombre, apertura, direccion , h_inicio, h_cierre) values (68, 'Eare', '30/11/2022', '12990 Veith Place', '7:19', '19:46');
insert into sucursal (id_sucursal, nombre, apertura, direccion , h_inicio, h_cierre) values (69, 'Voonyx', '06/07/2022', '10935 Bartillon Park', '9:04', '9:17');
insert into sucursal (id_sucursal, nombre, apertura, direccion , h_inicio, h_cierre) values (70, 'Kwinu', '21/05/2022', '85397 Pawling Way', '7:54', '16:14');
insert into sucursal (id_sucursal, nombre, apertura, direccion , h_inicio, h_cierre) values (71, 'Rhyzio', '06/06/2022', '18061 Golf Course Junction', '7:41', '19:34');
insert into sucursal (id_sucursal, nombre, apertura, direccion , h_inicio, h_cierre) values (72, 'Aivee', '18/07/2022', '36 Bobwhite Trail', '7:04', '5:23');
insert into sucursal (id_sucursal, nombre, apertura, direccion , h_inicio, h_cierre) values (73, 'Oyonder', '19/12/2021', '304 American Parkway', '8:50', '0:39');
insert into sucursal (id_sucursal, nombre, apertura, direccion , h_inicio, h_cierre) values (74, 'Photobean', '25/12/2021', '513 Dwight Plaza', '8:42', '5:06');
insert into sucursal (id_sucursal, nombre, apertura, direccion , h_inicio, h_cierre) values (75, 'InnoZ', '17/06/2022', '7086 Basil Way', '7:04', '13:08');
insert into sucursal (id_sucursal, nombre, apertura, direccion , h_inicio, h_cierre) values (76, 'Bubbletube', '25/12/2021', '6 Texas Junction', '8:53', '5:06');
insert into sucursal (id_sucursal, nombre, apertura, direccion , h_inicio, h_cierre) values (77, 'Feednation', '02/09/2022', '7 Tennessee Terrace', '7:55', '9:23');
insert into sucursal (id_sucursal, nombre, apertura, direccion , h_inicio, h_cierre) values (78, 'Flashset', '07/02/2022', '6 Macpherson Trail', '8:33', '9:08');
insert into sucursal (id_sucursal, nombre, apertura, direccion , h_inicio, h_cierre) values (79, 'Jabbertype', '27/07/2022', '69171 Thackeray Junction', '8:34', '19:40');
insert into sucursal (id_sucursal, nombre, apertura, direccion , h_inicio, h_cierre) values (80, 'Skyvu', '31/08/2022', '8263 Hintze Place', '9:28', '19:08');
insert into sucursal (id_sucursal, nombre, apertura, direccion , h_inicio, h_cierre) values (81, 'Trupe', '25/03/2022', '54 Sunnyside Center', '8:06', '18:36');
insert into sucursal (id_sucursal, nombre, apertura, direccion , h_inicio, h_cierre) values (82, 'Devify', '30/09/2022', '1079 Badeau Plaza', '7:55', '8:28');
insert into sucursal (id_sucursal, nombre, apertura, direccion , h_inicio, h_cierre) values (83, 'Skilith', '25/12/2021', '9 7th Avenue', '8:33', '4:55');
insert into sucursal (id_sucursal, nombre, apertura, direccion , h_inicio, h_cierre) values (84, 'Kamba', '10/03/2022', '6 Talisman Point', '8:53', '9:31');
insert into sucursal (id_sucursal, nombre, apertura, direccion , h_inicio, h_cierre) values (85, 'Zazio', '26/03/2022', '464 Transport Pass', '8:59', '0:07');
insert into sucursal (id_sucursal, nombre, apertura, direccion , h_inicio, h_cierre) values (86, 'Demizz', '22/11/2022', '092 Forest Run Park', '7:14', '16:49');
insert into sucursal (id_sucursal, nombre, apertura, direccion , h_inicio, h_cierre) values (87, 'Mydeo', '03/06/2022', '59995 Continental Lane', '8:51', '6:27');
insert into sucursal (id_sucursal, nombre, apertura, direccion , h_inicio, h_cierre) values (88, 'Abatz', '10/04/2022', '45 Maple Way', '8:27', '11:34');
insert into sucursal (id_sucursal, nombre, apertura, direccion , h_inicio, h_cierre) values (89, 'Gigabox', '14/12/2021', '02 New Castle Drive', '8:47', '6:45');
insert into sucursal (id_sucursal, nombre, apertura, direccion , h_inicio, h_cierre) values (90, 'Jabbercube', '18/11/2022', '5995 Pine View Alley', '9:08', '11:13');
insert into sucursal (id_sucursal, nombre, apertura, direccion , h_inicio, h_cierre) values (91, 'Voonyx', '28/08/2022', '3321 Oakridge Junction', '8:46', '12:19');
insert into sucursal (id_sucursal, nombre, apertura, direccion , h_inicio, h_cierre) values (92, 'Meevee', '27/06/2022', '709 Algoma Hill', '7:43', '16:54');
insert into sucursal (id_sucursal, nombre, apertura, direccion , h_inicio, h_cierre) values (93, 'Wordware', '20/11/2022', '2259 Bellgrove Avenue', '7:26', '17:18');
insert into sucursal (id_sucursal, nombre, apertura, direccion , h_inicio, h_cierre) values (94, 'Shufflester', '23/08/2022', '89 Steensland Point', '9:16', '14:09');
insert into sucursal (id_sucursal, nombre, apertura, direccion , h_inicio, h_cierre) values (95, 'Skipfire', '31/07/2022', '3 Mayer Place', '8:20', '8:19');
insert into sucursal (id_sucursal, nombre, apertura, direccion , h_inicio, h_cierre) values (96, 'Kwilith', '12/05/2022', '307 Golden Leaf Circle', '7:58', '8:07');
insert into sucursal (id_sucursal, nombre, apertura, direccion , h_inicio, h_cierre) values (97, 'Thoughtworks', '25/11/2022', '9637 4th Terrace', '8:04', '9:18');
insert into sucursal (id_sucursal, nombre, apertura, direccion , h_inicio, h_cierre) values (98, 'Kwilith', '05/07/2022', '8788 John Wall Street', '9:22', '8:32');
insert into sucursal (id_sucursal, nombre, apertura, direccion , h_inicio, h_cierre) values (99, 'Oyoyo', '19/02/2022', '2 Dunning Point', '8:03', '8:38');
insert into sucursal (id_sucursal, nombre, apertura, direccion , h_inicio, h_cierre) values (100, 'Myworks', '07/01/2022', '56950 Old Gate Hill', '9:04', '18:54');
insert into departamento (id_departamento, id_sucursal, nombre, empaque, es_perecedero, fecha_preparacion, es_electronico, descripcion, watts, categoria, refrigeracion, fecha_caducidad) values ('D1', 2, 'electronicos', 'Caja', false, Null, false, Null, Null, Null, false, Null);
insert into departamento (id_departamento, id_sucursal, nombre, empaque, es_perecedero, fecha_preparacion, es_electronico, descripcion, watts, categoria, refrigeracion, fecha_caducidad) values ('D2', 3, 'electronicos', 'Caja', false, Null, true, 'Vendargues', 53, 'telecomunicaciones', false, Null);
insert into departamento (id_departamento, id_sucursal, nombre, empaque, es_perecedero, fecha_preparacion, es_electronico, descripcion, watts, categoria, refrigeracion, fecha_caducidad) values ('D3', 4, 'electronicos', 'Caja', false, Null, true, 'Kourou', 78, 'alumbrado', false, Null);
insert into departamento (id_departamento, id_sucursal, nombre, empaque, es_perecedero, fecha_preparacion, es_electronico, descripcion, watts, categoria, refrigeracion, fecha_caducidad) values ('D4', 5, 'Abarrotes', 'Botella', true, '23/04/2023', false, Null, Null, Null, true, '25/01/2023');
insert into departamento (id_departamento, id_sucursal, nombre, empaque, es_perecedero, fecha_preparacion, es_electronico, descripcion, watts, categoria, refrigeracion, fecha_caducidad) values ('D5', 6, 'electronicos', 'Caja', false, Null, true, 'Wangshi', 49, 'alumbrado', false, Null);
insert into departamento (id_departamento, id_sucursal, nombre, empaque, es_perecedero, fecha_preparacion, es_electronico, descripcion, watts, categoria, refrigeracion, fecha_caducidad) values ('D6', 7, 'Abarrotes', 'Botella', true, '01/03/2023', false, Null, Null, Null, false, '19/06/2023');
insert into departamento (id_departamento, id_sucursal, nombre, empaque, es_perecedero, fecha_preparacion, es_electronico, descripcion, watts, categoria, refrigeracion, fecha_caducidad) values ('D7', 8, 'electronicos', 'Caja', false, Null, true, 'Palmas De Gran Canaria, Las', 30, 'informatica', false, Null);
insert into departamento (id_departamento, id_sucursal, nombre, empaque, es_perecedero, fecha_preparacion, es_electronico, descripcion, watts, categoria, refrigeracion, fecha_caducidad) values ('D8', 9, 'Abarrotes', 'Botella', false, Null, false, Null, Null, Null, false, Null);
insert into departamento (id_departamento, id_sucursal, nombre, empaque, es_perecedero, fecha_preparacion, es_electronico, descripcion, watts, categoria, refrigeracion, fecha_caducidad) values ('D9', 10, 'electronicos', 'Caja', false, Null, true, 'Cholpon-Ata', 48, 'alumbrado', false, Null);
insert into departamento (id_departamento, id_sucursal, nombre, empaque, es_perecedero, fecha_preparacion, es_electronico, descripcion, watts, categoria, refrigeracion, fecha_caducidad) values ('D10', 11, 'Abarrotes', 'Bolsa', false, Null, false, Null, Null, Null, false, Null);
insert into departamento (id_departamento, id_sucursal, nombre, empaque, es_perecedero, fecha_preparacion, es_electronico, descripcion, watts, categoria, refrigeracion, fecha_caducidad) values ('D11', 12, 'Abarrotes', 'Bolsa', true, '02/11/2022', false, Null, Null, Null, true, '30/07/2023');
insert into departamento (id_departamento, id_sucursal, nombre, empaque, es_perecedero, fecha_preparacion, es_electronico, descripcion, watts, categoria, refrigeracion, fecha_caducidad) values ('D12', 13, 'Abarrotes', 'Bolsa', false, Null, false, Null, Null, Null, false, Null);
insert into departamento (id_departamento, id_sucursal, nombre, empaque, es_perecedero, fecha_preparacion, es_electronico, descripcion, watts, categoria, refrigeracion, fecha_caducidad) values ('D13', 14, 'Abarrotes', 'Bolsa', false, Null, false, Null, Null, Null, false, Null);
insert into departamento (id_departamento, id_sucursal, nombre, empaque, es_perecedero, fecha_preparacion, es_electronico, descripcion, watts, categoria, refrigeracion, fecha_caducidad) values ('D14', 15, 'Abarrotes', 'Lata', false, Null, false, Null, Null, Null, false, Null);
insert into departamento (id_departamento, id_sucursal, nombre, empaque, es_perecedero, fecha_preparacion, es_electronico, descripcion, watts, categoria, refrigeracion, fecha_caducidad) values ('D15', 1, 'electronicos', 'Caja', false, Null, true, 'Qiujima', 44, 'telecomunicaciones', false, Null);
insert into departamento (id_departamento, id_sucursal, nombre, empaque, es_perecedero, fecha_preparacion, es_electronico, descripcion, watts, categoria, refrigeracion, fecha_caducidad) values ('D16', 2, 'electronicos', 'Caja', false, Null, true, 'Broto', 48, 'vigilancia', false, Null);
insert into departamento (id_departamento, id_sucursal, nombre, empaque, es_perecedero, fecha_preparacion, es_electronico, descripcion, watts, categoria, refrigeracion, fecha_caducidad) values ('D17', 3, 'electronicos', 'Caja', false, Null, true, 'Bellavista', 94, 'telecomunicaciones', false, Null);
insert into departamento (id_departamento, id_sucursal, nombre, empaque, es_perecedero, fecha_preparacion, es_electronico, descripcion, watts, categoria, refrigeracion, fecha_caducidad) values ('D18', 4, 'electronicos', 'Caja', false, Null, true, 'Kalapagada', 63, 'informatica', false, Null);
insert into departamento (id_departamento, id_sucursal, nombre, empaque, es_perecedero, fecha_preparacion, es_electronico, descripcion, watts, categoria, refrigeracion, fecha_caducidad) values ('D19', 5, 'Abarrotes', 'Bolsa', false, Null, false, Null, Null, Null, false, Null);
insert into departamento (id_departamento, id_sucursal, nombre, empaque, es_perecedero, fecha_preparacion, es_electronico, descripcion, watts, categoria, refrigeracion, fecha_caducidad) values ('D20', 6, 'electronicos', 'Caja', false, Null, true, 'Tekstil’shchiki', 68, 'telecomunicaciones', false, Null);
insert into departamento (id_departamento, id_sucursal, nombre, empaque, es_perecedero, fecha_preparacion, es_electronico, descripcion, watts, categoria, refrigeracion, fecha_caducidad) values ('D21', 7, 'Abarrotes', 'Botella', true, '30/08/2022', false, Null, Null, Null, true, '22/05/2023');
insert into departamento (id_departamento, id_sucursal, nombre, empaque, es_perecedero, fecha_preparacion, es_electronico, descripcion, watts, categoria, refrigeracion, fecha_caducidad) values ('D22', 8, 'electronicos', 'Caja', false, Null, true, 'Al Ḩudaydah', 29, 'vigilancia', false, Null);
insert into departamento (id_departamento, id_sucursal, nombre, empaque, es_perecedero, fecha_preparacion, es_electronico, descripcion, watts, categoria, refrigeracion, fecha_caducidad) values ('D23', 9, 'electronicos', 'Caja', false, Null, true, 'Onega', 26, 'alumbrado', false, Null);
insert into departamento (id_departamento, id_sucursal, nombre, empaque, es_perecedero, fecha_preparacion, es_electronico, descripcion, watts, categoria, refrigeracion, fecha_caducidad) values ('D24', 10, 'Abarrotes', 'Bolsa', true, '01/11/2022', false, Null, Null, Null, true, '21/06/2023');
insert into departamento (id_departamento, id_sucursal, nombre, empaque, es_perecedero, fecha_preparacion, es_electronico, descripcion, watts, categoria, refrigeracion, fecha_caducidad) values ('D25', 11, 'electronicos', 'Caja', false, Null, true, 'Sandata', 76, 'telecomunicaciones', false, Null);
insert into departamento (id_departamento, id_sucursal, nombre, empaque, es_perecedero, fecha_preparacion, es_electronico, descripcion, watts, categoria, refrigeracion, fecha_caducidad) values ('D26', 12, 'Abarrotes', 'Lata', true, '23/09/2022', false, Null, Null, Null, true, '24/08/2023');
insert into departamento (id_departamento, id_sucursal, nombre, empaque, es_perecedero, fecha_preparacion, es_electronico, descripcion, watts, categoria, refrigeracion, fecha_caducidad) values ('D27', 13, 'Abarrotes', 'Botella', true, '21/08/2022', false, Null, Null, Null, false, '03/07/2023');
insert into departamento (id_departamento, id_sucursal, nombre, empaque, es_perecedero, fecha_preparacion, es_electronico, descripcion, watts, categoria, refrigeracion, fecha_caducidad) values ('D28', 14, 'Abarrotes', 'Bolsa', false, Null, false, Null, Null, Null, false, Null);
insert into departamento (id_departamento, id_sucursal, nombre, empaque, es_perecedero, fecha_preparacion, es_electronico, descripcion, watts, categoria, refrigeracion, fecha_caducidad) values ('D29', 15, 'electronicos', 'Caja', false, Null, true, 'Świdwin', 16, 'vigilancia', false, Null);
insert into departamento (id_departamento, id_sucursal, nombre, empaque, es_perecedero, fecha_preparacion, es_electronico, descripcion, watts, categoria, refrigeracion, fecha_caducidad) values ('D30', 1, 'Abarrotes', 'Bolsa', true, '29/10/2022', false, Null, Null, Null, true, '04/07/2023');
insert into departamento (id_departamento, id_sucursal, nombre, empaque, es_perecedero, fecha_preparacion, es_electronico, descripcion, watts, categoria, refrigeracion, fecha_caducidad) values ('D31', 2, 'Abarrotes', 'Lata', true, '17/03/2023', false, Null, Null, Null, false, '19/07/2023');
insert into departamento (id_departamento, id_sucursal, nombre, empaque, es_perecedero, fecha_preparacion, es_electronico, descripcion, watts, categoria, refrigeracion, fecha_caducidad) values ('D32', 3, 'Abarrotes', 'Botella', true, '04/03/2023', false, Null, Null, Null, true, '31/03/2023');
insert into departamento (id_departamento, id_sucursal, nombre, empaque, es_perecedero, fecha_preparacion, es_electronico, descripcion, watts, categoria, refrigeracion, fecha_caducidad) values ('D33', 4, 'electronicos', 'Caja', false, Null, true, 'Huashan', 56, 'alumbrado', false, Null);
insert into departamento (id_departamento, id_sucursal, nombre, empaque, es_perecedero, fecha_preparacion, es_electronico, descripcion, watts, categoria, refrigeracion, fecha_caducidad) values ('D34', 5, 'Abarrotes', 'Botella', false, Null, false, Null, Null, Null, false, Null);
insert into departamento (id_departamento, id_sucursal, nombre, empaque, es_perecedero, fecha_preparacion, es_electronico, descripcion, watts, categoria, refrigeracion, fecha_caducidad) values ('D35', 6, 'electronicos', 'Caja', false, Null, true, 'Xinpu', 70, 'informatica', false, Null);
insert into departamento (id_departamento, id_sucursal, nombre, empaque, es_perecedero, fecha_preparacion, es_electronico, descripcion, watts, categoria, refrigeracion, fecha_caducidad) values ('D36', 7, 'electronicos', 'Caja', false, Null, true, 'Lomme', 23, 'informatica', false, Null);
insert into departamento (id_departamento, id_sucursal, nombre, empaque, es_perecedero, fecha_preparacion, es_electronico, descripcion, watts, categoria, refrigeracion, fecha_caducidad) values ('D37', 8, 'electronicos', 'Caja', false, Null, true, 'Kafr Mandā', 22, 'telecomunicaciones', false, Null);
insert into departamento (id_departamento, id_sucursal, nombre, empaque, es_perecedero, fecha_preparacion, es_electronico, descripcion, watts, categoria, refrigeracion, fecha_caducidad) values ('D38', 9, 'Abarrotes', 'Botella', true, '23/08/2022', false, Null, Null, Null, true, '12/07/2023');
insert into departamento (id_departamento, id_sucursal, nombre, empaque, es_perecedero, fecha_preparacion, es_electronico, descripcion, watts, categoria, refrigeracion, fecha_caducidad) values ('D39', 10, 'Abarrotes', 'Bolsa', false, Null, false, Null, Null, Null, false, Null);
insert into departamento (id_departamento, id_sucursal, nombre, empaque, es_perecedero, fecha_preparacion, es_electronico, descripcion, watts, categoria, refrigeracion, fecha_caducidad) values ('D40', 11, 'Abarrotes', 'Lata', true, '04/09/2022', false, Null, Null, Null, true, '13/07/2023');
insert into departamento (id_departamento, id_sucursal, nombre, empaque, es_perecedero, fecha_preparacion, es_electronico, descripcion, watts, categoria, refrigeracion, fecha_caducidad) values ('D41', 12, 'electronicos', 'Caja', false, Null, true, 'Guojiazhuang', 63, 'informatica', false, Null);
insert into departamento (id_departamento, id_sucursal, nombre, empaque, es_perecedero, fecha_preparacion, es_electronico, descripcion, watts, categoria, refrigeracion, fecha_caducidad) values ('D42', 13, 'electronicos', 'Caja', false, Null, true, 'Sancha', 26, 'telecomunicaciones', false, Null);
insert into departamento (id_departamento, id_sucursal, nombre, empaque, es_perecedero, fecha_preparacion, es_electronico, descripcion, watts, categoria, refrigeracion, fecha_caducidad) values ('D43', 14, 'electronicos', 'Caja', false, Null, true, 'Odivelas', 29, 'telecomunicaciones', false, Null);
insert into departamento (id_departamento, id_sucursal, nombre, empaque, es_perecedero, fecha_preparacion, es_electronico, descripcion, watts, categoria, refrigeracion, fecha_caducidad) values ('D44', 15, 'electronicos', 'Caja', false, Null, true, 'Chŏngju', 54, 'telecomunicaciones', false, Null);
insert into departamento (id_departamento, id_sucursal, nombre, empaque, es_perecedero, fecha_preparacion, es_electronico, descripcion, watts, categoria, refrigeracion, fecha_caducidad) values ('D45', 1, 'electronicos', 'Caja', false, Null, true, 'Nîmes', 36, 'informatica', false, Null);
insert into departamento (id_departamento, id_sucursal, nombre, empaque, es_perecedero, fecha_preparacion, es_electronico, descripcion, watts, categoria, refrigeracion, fecha_caducidad) values ('D46', 2, 'electronicos', 'Caja', false, Null, true, 'Alejal', 89, 'telecomunicaciones', false, Null);
insert into departamento (id_departamento, id_sucursal, nombre, empaque, es_perecedero, fecha_preparacion, es_electronico, descripcion, watts, categoria, refrigeracion, fecha_caducidad) values ('D47', 3, 'Abarrotes', 'Botella', true, '24/11/2022', false, Null, Null, Null, true, '10/06/2023');
insert into departamento (id_departamento, id_sucursal, nombre, empaque, es_perecedero, fecha_preparacion, es_electronico, descripcion, watts, categoria, refrigeracion, fecha_caducidad) values ('D48', 4, 'Abarrotes', 'Bolsa', true, '14/03/2023', false, Null, Null, Null, true, '25/08/2023');
insert into departamento (id_departamento, id_sucursal, nombre, empaque, es_perecedero, fecha_preparacion, es_electronico, descripcion, watts, categoria, refrigeracion, fecha_caducidad) values ('D49', 5, 'electronicos', 'Caja', false, Null, true, 'Ovalle', 49, 'vigilancia', false, Null);
insert into departamento (id_departamento, id_sucursal, nombre, empaque, es_perecedero, fecha_preparacion, es_electronico, descripcion, watts, categoria, refrigeracion, fecha_caducidad) values ('D50', 6, 'electronicos', 'Caja', false, Null, true, 'Salon-de-Provence', 61, 'informatica', false, Null);
insert into departamento (id_departamento, id_sucursal, nombre, empaque, es_perecedero, fecha_preparacion, es_electronico, descripcion, watts, categoria, refrigeracion, fecha_caducidad) values ('D51', 7, 'Abarrotes', 'Botella', false, Null, false, Null, Null, Null, false, Null);
insert into departamento (id_departamento, id_sucursal, nombre, empaque, es_perecedero, fecha_preparacion, es_electronico, descripcion, watts, categoria, refrigeracion, fecha_caducidad) values ('D52', 8, 'Abarrotes', 'Lata', true, '23/03/2023', false, Null, Null, Null, false, '12/06/2023');
insert into departamento (id_departamento, id_sucursal, nombre, empaque, es_perecedero, fecha_preparacion, es_electronico, descripcion, watts, categoria, refrigeracion, fecha_caducidad) values ('D53', 9, 'Abarrotes', 'Lata', true, '22/07/2022', false, Null, Null, Null, false, '28/07/2023');
insert into departamento (id_departamento, id_sucursal, nombre, empaque, es_perecedero, fecha_preparacion, es_electronico, descripcion, watts, categoria, refrigeracion, fecha_caducidad) values ('D54', 10, 'Abarrotes', 'Lata', true, '14/11/2022', false, Null, Null, Null, false, '03/01/2023');
insert into departamento (id_departamento, id_sucursal, nombre, empaque, es_perecedero, fecha_preparacion, es_electronico, descripcion, watts, categoria, refrigeracion, fecha_caducidad) values ('D55', 11, 'Abarrotes', 'Lata', true, '07/05/2023', false, Null, Null, Null, false, '26/01/2023');
insert into departamento (id_departamento, id_sucursal, nombre, empaque, es_perecedero, fecha_preparacion, es_electronico, descripcion, watts, categoria, refrigeracion, fecha_caducidad) values ('D56', 12, 'electronicos', 'Caja', false, Null, true, 'Butiá', 12, 'alumbrado', false, Null);
insert into departamento (id_departamento, id_sucursal, nombre, empaque, es_perecedero, fecha_preparacion, es_electronico, descripcion, watts, categoria, refrigeracion, fecha_caducidad) values ('D57', 13, 'Abarrotes', 'Lata', true, '02/01/2023', false, Null, Null, Null, true, '29/07/2023');
insert into departamento (id_departamento, id_sucursal, nombre, empaque, es_perecedero, fecha_preparacion, es_electronico, descripcion, watts, categoria, refrigeracion, fecha_caducidad) values ('D58', 14, 'electronicos', 'Caja', false, Null, true, 'Yongjiu', 53, 'vigilancia', false, Null);
insert into departamento (id_departamento, id_sucursal, nombre, empaque, es_perecedero, fecha_preparacion, es_electronico, descripcion, watts, categoria, refrigeracion, fecha_caducidad) values ('D59', 15, 'Abarrotes', 'Botella', true, '17/02/2023', false, Null, Null, Null, false, '17/03/2023');
insert into departamento (id_departamento, id_sucursal, nombre, empaque, es_perecedero, fecha_preparacion, es_electronico, descripcion, watts, categoria, refrigeracion, fecha_caducidad) values ('D60', 1, 'Abarrotes', 'Lata', false, Null, false, Null, Null, Null, false, Null);
insert into departamento (id_departamento, id_sucursal, nombre, empaque, es_perecedero, fecha_preparacion, es_electronico, descripcion, watts, categoria, refrigeracion, fecha_caducidad) values ('D61', 2, 'Abarrotes', 'Botella', true, '17/09/2022', false, Null, Null, Null, true, '19/07/2023');
insert into departamento (id_departamento, id_sucursal, nombre, empaque, es_perecedero, fecha_preparacion, es_electronico, descripcion, watts, categoria, refrigeracion, fecha_caducidad) values ('D62', 3, 'electronicos', 'Caja', false, Null, true, 'Manika', 61, 'informatica', false, Null);
insert into departamento (id_departamento, id_sucursal, nombre, empaque, es_perecedero, fecha_preparacion, es_electronico, descripcion, watts, categoria, refrigeracion, fecha_caducidad) values ('D63', 4, 'electronicos', 'Caja', false, Null, true, 'Tandel', 54, 'informatica', false, Null);
insert into departamento (id_departamento, id_sucursal, nombre, empaque, es_perecedero, fecha_preparacion, es_electronico, descripcion, watts, categoria, refrigeracion, fecha_caducidad) values ('D64', 5, 'Abarrotes', 'Lata', true, '09/11/2022', false, Null, Null, Null, false, '11/02/2023');
insert into departamento (id_departamento, id_sucursal, nombre, empaque, es_perecedero, fecha_preparacion, es_electronico, descripcion, watts, categoria, refrigeracion, fecha_caducidad) values ('D65', 6, 'electronicos', 'Caja', false, Null, true, 'Los Angeles', 94, 'alumbrado', false, Null);
insert into departamento (id_departamento, id_sucursal, nombre, empaque, es_perecedero, fecha_preparacion, es_electronico, descripcion, watts, categoria, refrigeracion, fecha_caducidad) values ('D66', 7, 'electronicos', 'Caja', false, Null, true, 'Majagual', 35, 'vigilancia', false, Null);
insert into departamento (id_departamento, id_sucursal, nombre, empaque, es_perecedero, fecha_preparacion, es_electronico, descripcion, watts, categoria, refrigeracion, fecha_caducidad) values ('D67', 8, 'electronicos', 'Caja', false, Null, true, 'Dallas', 43, 'alumbrado', false, Null);
insert into departamento (id_departamento, id_sucursal, nombre, empaque, es_perecedero, fecha_preparacion, es_electronico, descripcion, watts, categoria, refrigeracion, fecha_caducidad) values ('D68', 9, 'electronicos', 'Caja', false, Null, true, 'Străşeni', 59, 'alumbrado', false, Null);
insert into departamento (id_departamento, id_sucursal, nombre, empaque, es_perecedero, fecha_preparacion, es_electronico, descripcion, watts, categoria, refrigeracion, fecha_caducidad) values ('D69', 10, 'electronicos', 'Caja', false, Null, true, 'Roldanillo', 34, 'informatica', false, Null);
insert into departamento (id_departamento, id_sucursal, nombre, empaque, es_perecedero, fecha_preparacion, es_electronico, descripcion, watts, categoria, refrigeracion, fecha_caducidad) values ('D70', 11, 'electronicos', 'Caja', false, Null, true, 'Marialva', 52, 'alumbrado', false, Null);
insert into departamento (id_departamento, id_sucursal, nombre, empaque, es_perecedero, fecha_preparacion, es_electronico, descripcion, watts, categoria, refrigeracion, fecha_caducidad) values ('D71', 12, 'electronicos', 'Caja', false, Null, true, 'Abū Mūsā', 48, 'alumbrado', false, Null);
insert into departamento (id_departamento, id_sucursal, nombre, empaque, es_perecedero, fecha_preparacion, es_electronico, descripcion, watts, categoria, refrigeracion, fecha_caducidad) values ('D72', 13, 'electronicos', 'Caja', false, Null, true, 'Uchiza', 28, 'vigilancia', false, Null);
insert into departamento (id_departamento, id_sucursal, nombre, empaque, es_perecedero, fecha_preparacion, es_electronico, descripcion, watts, categoria, refrigeracion, fecha_caducidad) values ('D73', 14, 'electronicos', 'Caja', false, Null, true, 'Ondores', 32, 'alumbrado', false, Null);
insert into departamento (id_departamento, id_sucursal, nombre, empaque, es_perecedero, fecha_preparacion, es_electronico, descripcion, watts, categoria, refrigeracion, fecha_caducidad) values ('D74', 15, 'Abarrotes', 'Lata', false, Null, false, Null, Null, Null, false, Null);
insert into departamento (id_departamento, id_sucursal, nombre, empaque, es_perecedero, fecha_preparacion, es_electronico, descripcion, watts, categoria, refrigeracion, fecha_caducidad) values ('D75', 1, 'electronicos', 'Caja', false, Null, true, 'Libertad', 52, 'telecomunicaciones', false, Null);
insert into departamento (id_departamento, id_sucursal, nombre, empaque, es_perecedero, fecha_preparacion, es_electronico, descripcion, watts, categoria, refrigeracion, fecha_caducidad) values ('D76', 2, 'electronicos', 'Caja', false, Null, true, 'Dek’emhāre', 42, 'informatica', false, Null);
insert into departamento (id_departamento, id_sucursal, nombre, empaque, es_perecedero, fecha_preparacion, es_electronico, descripcion, watts, categoria, refrigeracion, fecha_caducidad) values ('D77', 3, 'Abarrotes', 'Bolsa', false, Null, false, Null, Null, Null, false, Null);
insert into departamento (id_departamento, id_sucursal, nombre, empaque, es_perecedero, fecha_preparacion, es_electronico, descripcion, watts, categoria, refrigeracion, fecha_caducidad) values ('D78', 4, 'Abarrotes', 'Bolsa', true, '07/08/2022', false, Null, Null, Null, false, '28/08/2023');
insert into departamento (id_departamento, id_sucursal, nombre, empaque, es_perecedero, fecha_preparacion, es_electronico, descripcion, watts, categoria, refrigeracion, fecha_caducidad) values ('D79', 5, 'electronicos', 'Caja', false, Null, true, 'Xinshao', 71, 'alumbrado', false, Null);
insert into departamento (id_departamento, id_sucursal, nombre, empaque, es_perecedero, fecha_preparacion, es_electronico, descripcion, watts, categoria, refrigeracion, fecha_caducidad) values ('D80', 6, 'Abarrotes', 'Lata', true, '24/08/2022', false, Null, Null, Null, false, '10/01/2023');
insert into departamento (id_departamento, id_sucursal, nombre, empaque, es_perecedero, fecha_preparacion, es_electronico, descripcion, watts, categoria, refrigeracion, fecha_caducidad) values ('D81', 7, 'electronicos', 'Caja', false, Null, true, 'Gobernador Gálvez', 50, 'vigilancia', false, Null);
insert into departamento (id_departamento, id_sucursal, nombre, empaque, es_perecedero, fecha_preparacion, es_electronico, descripcion, watts, categoria, refrigeracion, fecha_caducidad) values ('D82', 8, 'electronicos', 'Caja', false, Null, true, 'Manggekompo', 70, 'informatica', false, Null);
insert into departamento (id_departamento, id_sucursal, nombre, empaque, es_perecedero, fecha_preparacion, es_electronico, descripcion, watts, categoria, refrigeracion, fecha_caducidad) values ('D83', 9, 'Abarrotes', 'Botella', false, Null, false, Null, Null, Null, false, Null);
insert into departamento (id_departamento, id_sucursal, nombre, empaque, es_perecedero, fecha_preparacion, es_electronico, descripcion, watts, categoria, refrigeracion, fecha_caducidad) values ('D84', 10, 'electronicos', 'Caja', false, Null, true, 'Požarevac', 35, 'informatica', false, Null);
insert into departamento (id_departamento, id_sucursal, nombre, empaque, es_perecedero, fecha_preparacion, es_electronico, descripcion, watts, categoria, refrigeracion, fecha_caducidad) values ('D85', 11, 'electronicos', 'Caja', false, Null, true, 'Puyuan', 59, 'telecomunicaciones', false, Null);
insert into departamento (id_departamento, id_sucursal, nombre, empaque, es_perecedero, fecha_preparacion, es_electronico, descripcion, watts, categoria, refrigeracion, fecha_caducidad) values ('D86', 12, 'electronicos', 'Caja', false, Null, true, 'Longkou', 48, 'telecomunicaciones', false, Null);
insert into departamento (id_departamento, id_sucursal, nombre, empaque, es_perecedero, fecha_preparacion, es_electronico, descripcion, watts, categoria, refrigeracion, fecha_caducidad) values ('D87', 13, 'electronicos', 'Caja', false, Null, true, 'Dazhongzhuang', 23, 'telecomunicaciones', false, Null);
insert into departamento (id_departamento, id_sucursal, nombre, empaque, es_perecedero, fecha_preparacion, es_electronico, descripcion, watts, categoria, refrigeracion, fecha_caducidad) values ('D88', 14, 'electronicos', 'Caja', false, Null, true, 'Loreto', 35, 'alumbrado', false, Null);
insert into departamento (id_departamento, id_sucursal, nombre, empaque, es_perecedero, fecha_preparacion, es_electronico, descripcion, watts, categoria, refrigeracion, fecha_caducidad) values ('D89', 15, 'Abarrotes', 'Bolsa', false, Null, false, Null, Null, Null, false, Null);
insert into departamento (id_departamento, id_sucursal, nombre, empaque, es_perecedero, fecha_preparacion, es_electronico, descripcion, watts, categoria, refrigeracion, fecha_caducidad) values ('D90', 1, 'Abarrotes', 'Botella', true, '16/07/2022', false, Null, Null, Null, false, '18/02/2023');
insert into departamento (id_departamento, id_sucursal, nombre, empaque, es_perecedero, fecha_preparacion, es_electronico, descripcion, watts, categoria, refrigeracion, fecha_caducidad) values ('D91', 2, 'Abarrotes', 'Botella', false, Null, false, Null, Null, Null, false, Null);
insert into departamento (id_departamento, id_sucursal, nombre, empaque, es_perecedero, fecha_preparacion, es_electronico, descripcion, watts, categoria, refrigeracion, fecha_caducidad) values ('D92', 3, 'Abarrotes', 'Botella', false, Null, false, Null, Null, Null, false, Null);
insert into departamento (id_departamento, id_sucursal, nombre, empaque, es_perecedero, fecha_preparacion, es_electronico, descripcion, watts, categoria, refrigeracion, fecha_caducidad) values ('D93', 4, 'electronicos', 'Caja', false, Null, true, 'Lào Cai', 76, 'vigilancia', false, Null);
insert into departamento (id_departamento, id_sucursal, nombre, empaque, es_perecedero, fecha_preparacion, es_electronico, descripcion, watts, categoria, refrigeracion, fecha_caducidad) values ('D94', 5, 'Abarrotes', 'Bolsa', true, '28/03/2023', false, Null, Null, Null, true, '06/01/2023');
insert into departamento (id_departamento, id_sucursal, nombre, empaque, es_perecedero, fecha_preparacion, es_electronico, descripcion, watts, categoria, refrigeracion, fecha_caducidad) values ('D95', 6, 'electronicos', 'Caja', false, Null, true, 'Khāngāh Dogrān', 22, 'vigilancia', false, Null);
insert into departamento (id_departamento, id_sucursal, nombre, empaque, es_perecedero, fecha_preparacion, es_electronico, descripcion, watts, categoria, refrigeracion, fecha_caducidad) values ('D96', 7, 'Abarrotes', 'Lata', true, '08/09/2022', false, Null, Null, Null, false, '26/01/2023');
insert into departamento (id_departamento, id_sucursal, nombre, empaque, es_perecedero, fecha_preparacion, es_electronico, descripcion, watts, categoria, refrigeracion, fecha_caducidad) values ('D97', 8, 'electronicos', 'Caja', false, Null, true, 'Liangwa', 82, 'alumbrado', false, Null);
insert into departamento (id_departamento, id_sucursal, nombre, empaque, es_perecedero, fecha_preparacion, es_electronico, descripcion, watts, categoria, refrigeracion, fecha_caducidad) values ('D98', 9, 'Abarrotes', 'Bolsa', false, Null, false, Null, Null, Null, false, Null);
insert into departamento (id_departamento, id_sucursal, nombre, empaque, es_perecedero, fecha_preparacion, es_electronico, descripcion, watts, categoria, refrigeracion, fecha_caducidad) values ('D99', 10, 'electronicos', 'Caja', false, Null, true, 'General Pico', 74, 'telecomunicaciones', false, Null);
insert into departamento (id_departamento, id_sucursal, nombre, empaque, es_perecedero, fecha_preparacion, es_electronico, descripcion, watts, categoria, refrigeracion, fecha_caducidad) values ('D100', 11, 'electronicos', 'Caja', false, Null, true, 'San Sebastián', 30, 'telecomunicaciones', false, Null);
insert into tel_sucursal (id_sucursal, tel_su) values (2, '3161667751');
insert into tel_sucursal (id_sucursal, tel_su) values (3, '05968335');
insert into tel_sucursal (id_sucursal, tel_su) values (4, '3695189134');
insert into tel_sucursal (id_sucursal, tel_su) values (5, '3168925985');
insert into tel_sucursal (id_sucursal, tel_su) values (6, '6871578498');
insert into tel_sucursal (id_sucursal, tel_su) values (7, '1271435365');
insert into tel_sucursal (id_sucursal, tel_su) values (8, '7228482808');
insert into tel_sucursal (id_sucursal, tel_su) values (9, '1071490249');
insert into tel_sucursal (id_sucursal, tel_su) values (10, '5717681100');
insert into tel_sucursal (id_sucursal, tel_su) values (11, '5274762298');
insert into tel_sucursal (id_sucursal, tel_su) values (12, '9714481856');
insert into tel_sucursal (id_sucursal, tel_su) values (13, '0296654418');
insert into tel_sucursal (id_sucursal, tel_su) values (14, '7687363760');
insert into tel_sucursal (id_sucursal, tel_su) values (15, '9006343250');
insert into tel_sucursal (id_sucursal, tel_su) values (1, '3089164647');
insert into tel_sucursal (id_sucursal, tel_su) values (2, '5889768182');
insert into tel_sucursal (id_sucursal, tel_su) values (3, '8233522120');
insert into tel_sucursal (id_sucursal, tel_su) values (4, '9248288235');
insert into tel_sucursal (id_sucursal, tel_su) values (5, '0150138083');
insert into tel_sucursal (id_sucursal, tel_su) values (6, '5799648617');
insert into tel_sucursal (id_sucursal, tel_su) values (7, '2958898350');
insert into tel_sucursal (id_sucursal, tel_su) values (8, '5414118434');
insert into tel_sucursal (id_sucursal, tel_su) values (9, '8808293084');
insert into tel_sucursal (id_sucursal, tel_su) values (10, '0967976898');
insert into tel_sucursal (id_sucursal, tel_su) values (11, '2453120018');
insert into tel_sucursal (id_sucursal, tel_su) values (12, '3448484318');
insert into tel_sucursal (id_sucursal, tel_su) values (13, '7185242622');
insert into tel_sucursal (id_sucursal, tel_su) values (14, '4456338105');
insert into tel_sucursal (id_sucursal, tel_su) values (15, '0739030477');
insert into tel_sucursal (id_sucursal, tel_su) values (1, '7147876059');
insert into tel_sucursal (id_sucursal, tel_su) values (2, '3164750536');
insert into tel_sucursal (id_sucursal, tel_su) values (3, '4857411245');
insert into tel_sucursal (id_sucursal, tel_su) values (4, '8925802058');
insert into tel_sucursal (id_sucursal, tel_su) values (5, '1241234124');
insert into tel_sucursal (id_sucursal, tel_su) values (6, '1649472021');
insert into tel_sucursal (id_sucursal, tel_su) values (7, '9565821626');
insert into tel_sucursal (id_sucursal, tel_su) values (8, '9383831944');
insert into tel_sucursal (id_sucursal, tel_su) values (9, '7644112413');
insert into tel_sucursal (id_sucursal, tel_su) values (10, '0261888935');
insert into tel_sucursal (id_sucursal, tel_su) values (11, '6161548151');
insert into tel_sucursal (id_sucursal, tel_su) values (12, '3935134339');
insert into producto (id_producto , id_departamento, nombre, precio, marca, stock) values ('P1', 'D1', 'Shufflebeat', 2233.1, 'ESSW', 84);
insert into producto (id_producto , id_departamento, nombre, precio, marca, stock) values ('P2', 'D2', 'Feedspan', 7045.0, 'ESNX', 93);
insert into producto (id_producto , id_departamento, nombre, precio, marca, stock) values ('P3', 'D3', 'Tambee', 777.7, 'WMKB', 95);
insert into producto (id_producto , id_departamento, nombre, precio, marca, stock) values ('P4', 'D4', 'Linktype', 6267.5, 'BTQS', 22);
insert into producto (id_producto , id_departamento, nombre, precio, marca, stock) values ('P5', 'D5', 'Skinte', 5723.9, 'OITZ', 36);
insert into producto (id_producto , id_departamento, nombre, precio, marca, stock) values ('P6', 'D6', 'Realcube', 2688.1, 'FPLO', 48);
insert into producto (id_producto , id_departamento, nombre, precio, marca, stock) values ('P7', 'D7', 'Trupe', 7327.1, 'UAKD', 82);
insert into producto (id_producto , id_departamento, nombre, precio, marca, stock) values ('P8', 'D8', 'Bluezoom', 5539.1, 'TDFC', 18);
insert into producto (id_producto , id_departamento, nombre, precio, marca, stock) values ('P9', 'D9', 'Wordtune', 7762.7, 'MMCN', 18);
insert into producto (id_producto , id_departamento, nombre, precio, marca, stock) values ('P10', 'D10', 'Yacero', 6596.4, 'NZWO', 80);
insert into producto (id_producto , id_departamento, nombre, precio, marca, stock) values ('P11', 'D11', 'Cogilith', 4228.1, 'FEFN', 50);
insert into producto (id_producto , id_departamento, nombre, precio, marca, stock) values ('P12', 'D12', 'Twitternation', 458.9, 'RJOM', 45);
insert into producto (id_producto , id_departamento, nombre, precio, marca, stock) values ('P13', 'D13', 'Livetube', 2994.6, 'AYRO', 36);
insert into producto (id_producto , id_departamento, nombre, precio, marca, stock) values ('P14', 'D14', 'Topdrive', 6333.4, 'FBGZ', 5);
insert into producto (id_producto , id_departamento, nombre, precio, marca, stock) values ('P15', 'D15', 'Gabcube', 1207.1, 'FOGJ', 76);
insert into producto (id_producto , id_departamento, nombre, precio, marca, stock) values ('P16', 'D16', 'Bubbletube', 5878.6, 'AYTV', 53);
insert into producto (id_producto , id_departamento, nombre, precio, marca, stock) values ('P17', 'D17', 'Chatterbridge', 5184.7, 'LCLK', 71);
insert into producto (id_producto , id_departamento, nombre, precio, marca, stock) values ('P18', 'D18', 'Eazzy', 7024.0, 'FZMA', 43);
insert into producto (id_producto , id_departamento, nombre, precio, marca, stock) values ('P19', 'D19', 'Linkbuzz', 1311.1, 'ZSFY', 78);
insert into producto (id_producto , id_departamento, nombre, precio, marca, stock) values ('P20', 'D20', 'Tambee', 3378.7, 'YDFI', 62);
insert into producto (id_producto , id_departamento, nombre, precio, marca, stock) values ('P21', 'D21', 'Centidel', 2102.0, 'KBID', 17);
insert into producto (id_producto , id_departamento, nombre, precio, marca, stock) values ('P22', 'D22', 'Twimm', 1590.9, 'WAPH', 49);
insert into producto (id_producto , id_departamento, nombre, precio, marca, stock) values ('P23', 'D23', 'Jabbersphere', 6834.6, 'SAWJ', 13);
insert into producto (id_producto , id_departamento, nombre, precio, marca, stock) values ('P24', 'D24', 'Quaxo', 3213.5, 'SSBR', 37);
insert into producto (id_producto , id_departamento, nombre, precio, marca, stock) values ('P25', 'D25', 'Dabvine', 1643.0, 'CYVV', 2);
insert into producto (id_producto , id_departamento, nombre, precio, marca, stock) values ('P26', 'D26', 'Quimm', 750.5, 'NMVK', 81);
insert into producto (id_producto , id_departamento, nombre, precio, marca, stock) values ('P27', 'D27', 'Zoombox', 3716.3, 'WAOK', 0);
insert into producto (id_producto , id_departamento, nombre, precio, marca, stock) values ('P28', 'D28', 'Rhyloo', 7247.4, 'YBEO', 84);
insert into producto (id_producto , id_departamento, nombre, precio, marca, stock) values ('P29', 'D29', 'Jaxspan', 337.4, 'UAKK', 16);
insert into producto (id_producto , id_departamento, nombre, precio, marca, stock) values ('P30', 'D30', 'Tekfly', 5628.4, 'YMEN', 41);
insert into producto (id_producto , id_departamento, nombre, precio, marca, stock) values ('P31', 'D31', 'Livetube', 4516.6, 'W05', 4);
insert into producto (id_producto , id_departamento, nombre, precio, marca, stock) values ('P32', 'D32', 'Pixope', 2098.6, 'LFOO', 95);
insert into producto (id_producto , id_departamento, nombre, precio, marca, stock) values ('P33', 'D33', 'Innojam', 5012.7, 'KABE', 53);
insert into producto (id_producto , id_departamento, nombre, precio, marca, stock) values ('P34', 'D34', 'Teklist', 7938.8, 'SARP', 92);
insert into producto (id_producto , id_departamento, nombre, precio, marca, stock) values ('P35', 'D35', 'Kanoodle', 1684.9, 'OOSH', 60);
insert into producto (id_producto , id_departamento, nombre, precio, marca, stock) values ('P36', 'D36', 'Fanoodle', 4086.3, 'VRMV', 63);
insert into producto (id_producto , id_departamento, nombre, precio, marca, stock) values ('P37', 'D37', 'Mybuzz', 284.6, 'KSCK', 20);
insert into producto (id_producto , id_departamento, nombre, precio, marca, stock) values ('P38', 'D38', 'Zoombox', 2741.7, 'OPZB', 19);
insert into producto (id_producto , id_departamento, nombre, precio, marca, stock) values ('P39', 'D39', 'Skyvu', 6837.2, 'CZBD', 77);
insert into producto (id_producto , id_departamento, nombre, precio, marca, stock) values ('P40', 'D40', 'Zoonoodle', 6383.6, 'SKGP', 83);
insert into producto (id_producto , id_departamento, nombre, precio, marca, stock) values ('P41', 'D41', 'Feedspan', 2387.7, 'NZGT', 65);
insert into producto (id_producto , id_departamento, nombre, precio, marca, stock) values ('P42', 'D42', 'Rhycero', 3143.9, 'LLER', 1);
insert into producto (id_producto , id_departamento, nombre, precio, marca, stock) values ('P43', 'D43', 'Oyope', 3523.9, 'KLYH', 58);
insert into producto (id_producto , id_departamento, nombre, precio, marca, stock) values ('P44', 'D44', 'Voonyx', 4186.9, 'MNWP', 24);
insert into producto (id_producto , id_departamento, nombre, precio, marca, stock) values ('P45', 'D45', 'Miboo', 2704.0, 'MUSS', 89);
insert into producto (id_producto , id_departamento, nombre, precio, marca, stock) values ('P46', 'D46', 'Buzzshare', 3116.3, 'NVST', 5);
insert into producto (id_producto , id_departamento, nombre, precio, marca, stock) values ('P47', 'D47', 'Yadel', 4514.5, 'VOBL', 99);
insert into producto (id_producto , id_departamento, nombre, precio, marca, stock) values ('P48', 'D48', 'Edgepulse', 6674.9, 'KSWF', 48);
insert into producto (id_producto , id_departamento, nombre, precio, marca, stock) values ('P49', 'D49', 'Brainlounge', 7755.9, 'CYDM', 99);
insert into producto (id_producto , id_departamento, nombre, precio, marca, stock) values ('P50', 'D50', 'Jabbersphere', 7881.0, 'ETIE', 68);
insert into producto (id_producto , id_departamento, nombre, precio, marca, stock) values ('P51', 'D51', 'Oyope', 567.9, 'VOCI', 88);
insert into producto (id_producto , id_departamento, nombre, precio, marca, stock) values ('P52', 'D52', 'Jabbertype', 239.1, 'FGAB', 44);
insert into producto (id_producto , id_departamento, nombre, precio, marca, stock) values ('P53', 'D53', 'Browsebug', 1732.5, 'AYGU', 36);
insert into producto (id_producto , id_departamento, nombre, precio, marca, stock) values ('P54', 'D54', 'Jayo', 3748.4, 'EDDC', 80);
insert into producto (id_producto , id_departamento, nombre, precio, marca, stock) values ('P55', 'D55', 'Leenti', 3252.3, 'YMWA', 45);
insert into producto (id_producto , id_departamento, nombre, precio, marca, stock) values ('P56', 'D56', 'Jabberbean', 7879.7, 'CYWJ', 28);
insert into producto (id_producto , id_departamento, nombre, precio, marca, stock) values ('P57', 'D57', 'Mydeo', 5732.3, 'YHMB', 98);
insert into producto (id_producto , id_departamento, nombre, precio, marca, stock) values ('P58', 'D58', 'Skyba', 269.3, 'FNCX', 10);
insert into producto (id_producto , id_departamento, nombre, precio, marca, stock) values ('P59', 'D59', 'Skivee', 2354.2, 'JKHE', 56);
insert into producto (id_producto , id_departamento, nombre, precio, marca, stock) values ('P60', 'D60', 'Skippad', 3995.0, 'KDMN', 49);
insert into producto (id_producto , id_departamento, nombre, precio, marca, stock) values ('P61', 'D61', 'Demimbu', 6732.7, 'KHAB', 23);
insert into producto (id_producto , id_departamento, nombre, precio, marca, stock) values ('P62', 'D62', 'Fadeo', 6109.8, 'SNCV', 51);
insert into producto (id_producto , id_departamento, nombre, precio, marca, stock) values ('P63', 'D63', 'Yacero', 194.9, 'SAZB', 71);
insert into producto (id_producto , id_departamento, nombre, precio, marca, stock) values ('P64', 'D64', 'Centidel', 193.4, 'MUMA', 63);
insert into producto (id_producto , id_departamento, nombre, precio, marca, stock) values ('P65', 'D65', 'Quamba', 3268.9, 'YBNA', 43);
insert into producto (id_producto , id_departamento, nombre, precio, marca, stock) values ('P66', 'D66', 'Meezzy', 2879.4, 'PASN', 45);
insert into producto (id_producto , id_departamento, nombre, precio, marca, stock) values ('P67', 'D67', 'Yadel', 1652.0, 'CAL3', 9);
insert into producto (id_producto , id_departamento, nombre, precio, marca, stock) values ('P68', 'D68', 'Jabberstorm', 6431.1, 'ESOH', 76);
insert into producto (id_producto , id_departamento, nombre, precio, marca, stock) values ('P69', 'D69', 'Brightbean', 4706.5, 'FNPA', 74);
insert into producto (id_producto , id_departamento, nombre, precio, marca, stock) values ('P70', 'D70', 'Fivespan', 6599.9, 'KCNM', 76);
insert into producto (id_producto , id_departamento, nombre, precio, marca, stock) values ('P71', 'D71', 'Teklist', 7336.4, 'EPSC', 88);
insert into producto (id_producto , id_departamento, nombre, precio, marca, stock) values ('P72', 'D72', 'Wordify', 416.9, 'VAKS', 8);
insert into producto (id_producto , id_departamento, nombre, precio, marca, stock) values ('P73', 'D73', 'Brightdog', 7500.6, 'AYSH', 75);
insert into producto (id_producto , id_departamento, nombre, precio, marca, stock) values ('P74', 'D74', 'Teklist', 3032.3, 'OIAM', 53);
insert into producto (id_producto , id_departamento, nombre, precio, marca, stock) values ('P75', 'D75', 'Gigashots', 7314.3, 'MHLM', 91);
insert into producto (id_producto , id_departamento, nombre, precio, marca, stock) values ('P76', 'D76', 'Eidel', 5701.6, 'AYMD', 55);
insert into producto (id_producto , id_departamento, nombre, precio, marca, stock) values ('P77', 'D77', 'LiveZ', 2900.6, 'KTLR', 61);
insert into producto (id_producto , id_departamento, nombre, precio, marca, stock) values ('P78', 'D78', 'Quaxo', 4273.6, 'CYER', 37);
insert into producto (id_producto , id_departamento, nombre, precio, marca, stock) values ('P79', 'D79', 'Twitterworks', 6373.0, 'YCBB', 9);
insert into producto (id_producto , id_departamento, nombre, precio, marca, stock) values ('P80', 'D80', 'Tagopia', 1759.6, 'KMLB', 33);
insert into producto (id_producto , id_departamento, nombre, precio, marca, stock) values ('P81', 'D81', 'Fatz', 793.3, 'GFGDS', 79);
insert into producto (id_producto , id_departamento, nombre, precio, marca, stock) values ('P82', 'D82', 'Devpulse', 4853.7, 'MRBC', 50);
insert into producto (id_producto , id_departamento, nombre, precio, marca, stock) values ('P83', 'D83', 'Gigabox', 7785.4, 'SENL', 59);
insert into producto (id_producto , id_departamento, nombre, precio, marca, stock) values ('P84', 'D84', 'Photobug', 3458.2, 'DFOO', 52);
insert into producto (id_producto , id_departamento, nombre, precio, marca, stock) values ('P85', 'D85', 'Centidel', 2155.0, 'AYII', 23);
insert into producto (id_producto , id_departamento, nombre, precio, marca, stock) values ('P86', 'D86', 'Lajo', 3553.7, 'WASF', 33);
insert into producto (id_producto , id_departamento, nombre, precio, marca, stock) values ('P87', 'D87', 'Dazzlesphere', 7916.3, 'USKK', 19);
insert into producto (id_producto , id_departamento, nombre, precio, marca, stock) values ('P88', 'D88', 'Jabbertype', 2990.7, 'LFNB', 60);
insert into producto (id_producto , id_departamento, nombre, precio, marca, stock) values ('P89', 'D89', 'Meetz', 3507.4, 'FMNP', 4);
insert into producto (id_producto , id_departamento, nombre, precio, marca, stock) values ('P90', 'D90', 'Muxo', 5120.6, 'ZUGH', 51);
insert into producto (id_producto , id_departamento, nombre, precio, marca, stock) values ('P91', 'D91', 'Reallinks', 4862.5, 'SCTN', 43);
insert into producto (id_producto , id_departamento, nombre, precio, marca, stock) values ('P92', 'D92', 'Zoozzy', 1671.4, 'LIED', 87);
insert into producto (id_producto , id_departamento, nombre, precio, marca, stock) values ('P93', 'D93', 'Avavee', 3865.4, 'VOWA', 68);
insert into producto (id_producto , id_departamento, nombre, precio, marca, stock) values ('P94', 'D94', 'Babbleset', 6527.3, 'SCTO', 9);
insert into producto (id_producto , id_departamento, nombre, precio, marca, stock) values ('P95', 'D95', 'Tekfly', 1757.5, 'MDJB', 8);
insert into producto (id_producto , id_departamento, nombre, precio, marca, stock) values ('P96', 'D96', 'Riffpedia', 2807.1, 'MSLP', 95);
insert into producto (id_producto , id_departamento, nombre, precio, marca, stock) values ('P97', 'D97', 'Dabvine', 456.4, 'PEC', 75);
insert into producto (id_producto , id_departamento, nombre, precio, marca, stock) values ('P98', 'D98', 'Digitube', 5521.3, 'SCRD', 46);
insert into producto (id_producto , id_departamento, nombre, precio, marca, stock) values ('P99', 'D99', 'Jazzy', 3531.1, 'P14', 67);
insert into producto (id_producto , id_departamento, nombre, precio, marca, stock) values ('P100', 'D100', 'Dazzlesphere', 4224.1, 'LPPS', 54);
insert into gerente (id_gerente, id_sucursal, nombre, apellido_paterno, apellido_materno, fecha_nacimiento, direccion, curp, salario) values ('G1', 2, 'Ivy', 'Toolin', 'Seywood', '2006-04-10', '18 Grayhawk Drive', 'USAS797443WBGMCB65', 22614);
insert into gerente (id_gerente, id_sucursal, nombre, apellido_paterno, apellido_materno, fecha_nacimiento, direccion, curp, salario) values ('G2', 3, 'Brewer', 'Thys', 'Brugemann', '2013-06-17', '49 Evergreen Junction', 'MABK890098GSCFMX59', 16110);
insert into gerente (id_gerente, id_sucursal, nombre, apellido_paterno, apellido_materno, fecha_nacimiento, direccion, curp, salario) values ('G3', 4, 'Guy', 'Filipychev', 'Lowndsbrough', '2016-10-25', '53813 Ruskin Trail', 'NZXY775908BMPCXW29', 24743);
insert into gerente (id_gerente, id_sucursal, nombre, apellido_paterno, apellido_materno, fecha_nacimiento, direccion, curp, salario) values ('G4', 5, 'Billy', 'Critch', 'Keedwell', '2012-05-09', '364 Thierer Park', 'YRWN689467THODUE69', 22352);
insert into gerente (id_gerente, id_sucursal, nombre, apellido_paterno, apellido_materno, fecha_nacimiento, direccion, curp, salario) values ('G5', 6, 'Eleonore', 'Dovydenas', 'Cantopher', '2016-02-14', '536 Forest Run Place', 'SGIP862808EXETAT26', 17257);
insert into gerente (id_gerente, id_sucursal, nombre, apellido_paterno, apellido_materno, fecha_nacimiento, direccion, curp, salario) values ('G6', 7, 'Alano', 'Stanyard', 'Dufall', '2019-10-15', '95 Summer Ridge Trail', 'WWBQ765064RTCHEG60', 21573);
insert into gerente (id_gerente, id_sucursal, nombre, apellido_paterno, apellido_materno, fecha_nacimiento, direccion, curp, salario) values ('G7', 8, 'Emmanuel', 'Loveless', 'Bratty', '2011-05-02', '4365 Everett Terrace', 'CPKH859741OJQLMK49', 28754);
insert into gerente (id_gerente, id_sucursal, nombre, apellido_paterno, apellido_materno, fecha_nacimiento, direccion, curp, salario) values ('G8', 9, 'Jeth', 'Doddemeede', 'McCombe', '2020-11-19', '9 Mosinee Park', 'RFKF520206UJWLPK54', 28335);
insert into gerente (id_gerente, id_sucursal, nombre, apellido_paterno, apellido_materno, fecha_nacimiento, direccion, curp, salario) values ('G9', 10, 'Chas', 'Gravells', 'Houselee', '2021-05-15', '2928 Magdeline Street', 'BGYC119667PRQZQZ75', 27186);
insert into gerente (id_gerente, id_sucursal, nombre, apellido_paterno, apellido_materno, fecha_nacimiento, direccion, curp, salario) values ('G10', 11, 'Mariana', 'Babington', 'Carlett', '2014-02-23', '47 Petterle Road', 'WCXE007956PGMXLV51', 23384);
insert into gerente (id_gerente, id_sucursal, nombre, apellido_paterno, apellido_materno, fecha_nacimiento, direccion, curp, salario) values ('G11', 12, 'Charleen', 'Eversfield', 'Hanigan', '2010-07-17', '1 Mccormick Alley', 'KFKT748943LZXFSE80', 29567);
insert into gerente (id_gerente, id_sucursal, nombre, apellido_paterno, apellido_materno, fecha_nacimiento, direccion, curp, salario) values ('G12', 13, 'Griffith', 'Effemy', 'Dwyr', '2021-12-05', '6743 Banding Road', 'AEJE486577DLCBRT69', 13851);
insert into gerente (id_gerente, id_sucursal, nombre, apellido_paterno, apellido_materno, fecha_nacimiento, direccion, curp, salario) values ('G13', 14, 'Jemie', 'Cerman', 'Banfield', '2007-01-18', '711 Truax Circle', 'OVFR266305LJZUYT82', 20264);
insert into gerente (id_gerente, id_sucursal, nombre, apellido_paterno, apellido_materno, fecha_nacimiento, direccion, curp, salario) values ('G14', 15, 'Jodee', 'Grene', 'Baldacchino', '2017-03-30', '26 Waubesa Road', 'QVYD681402YVOUHL97', 21981);
insert into gerente (id_gerente, id_sucursal, nombre, apellido_paterno, apellido_materno, fecha_nacimiento, direccion, curp, salario) values ('G15', 1, 'Gard', 'Siebert', 'Josephson', '2014-09-08', '10 Sundown Alley', 'RVJJ280394PJHNWT45', 23557);
insert into gerente (id_gerente, id_sucursal, nombre, apellido_paterno, apellido_materno, fecha_nacimiento, direccion, curp, salario) values ('G16', 2, 'Inigo', 'Sewter', 'Barendtsen', '2006-09-21', '33070 Pearson Lane', 'GUDR041614QXLFSC84', 16423);
insert into gerente (id_gerente, id_sucursal, nombre, apellido_paterno, apellido_materno, fecha_nacimiento, direccion, curp, salario) values ('G17', 3, 'Hailee', 'Eliaz', 'Dinsmore', '2011-04-26', '03 Graceland Court', 'GKCB803211OBKFPB33', 29600);
insert into gerente (id_gerente, id_sucursal, nombre, apellido_paterno, apellido_materno, fecha_nacimiento, direccion, curp, salario) values ('G18', 4, 'Marlow', 'Staynes', 'Bahl', '2023-05-12', '7733 Bunker Hill Way', 'WDWW692418WHBLHX92', 25123);
insert into gerente (id_gerente, id_sucursal, nombre, apellido_paterno, apellido_materno, fecha_nacimiento, direccion, curp, salario) values ('G19', 5, 'Cy', 'Greg', 'Iorns', '2018-05-29', '6952 Cambridge Road', 'QGTQ432124KJMHFW30', 22216);
insert into gerente (id_gerente, id_sucursal, nombre, apellido_paterno, apellido_materno, fecha_nacimiento, direccion, curp, salario) values ('G20', 6, 'Fraser', 'Jans', 'Vlasenkov', '2013-08-30', '391 Northport Park', 'AEKR543105TFHWKC19', 20595);
insert into gerente (id_gerente, id_sucursal, nombre, apellido_paterno, apellido_materno, fecha_nacimiento, direccion, curp, salario) values ('G21', 7, 'Axel', 'Trebbett', 'Burgin', '2007-10-21', '1 Graceland Parkway', 'EMAK592673FBDUPH65', 25199);
insert into gerente (id_gerente, id_sucursal, nombre, apellido_paterno, apellido_materno, fecha_nacimiento, direccion, curp, salario) values ('G22', 8, 'Sigvard', 'Skrzynski', 'Malkie', '2010-11-15', '02 Blackbird Plaza', 'JYPB475313VEXALW73', 16871);
insert into gerente (id_gerente, id_sucursal, nombre, apellido_paterno, apellido_materno, fecha_nacimiento, direccion, curp, salario) values ('G23', 9, 'Verena', 'Bagot', 'Weatherell', '2010-03-13', '1694 Kensington Circle', 'UJYM258320NFXICK40', 28306);
insert into gerente (id_gerente, id_sucursal, nombre, apellido_paterno, apellido_materno, fecha_nacimiento, direccion, curp, salario) values ('G24', 10, 'Ignatius', 'Pagden', 'Tayler', '2006-10-24', '8108 Memorial Plaza', 'TTTQ379019LREZZD69', 27150);
insert into gerente (id_gerente, id_sucursal, nombre, apellido_paterno, apellido_materno, fecha_nacimiento, direccion, curp, salario) values ('G25', 11, 'Terri-jo', 'Rapo', 'Rowledge', '2013-08-12', '031 Crescent Oaks Circle', 'FNMD168815LCFBND20', 27754);
insert into gerente (id_gerente, id_sucursal, nombre, apellido_paterno, apellido_materno, fecha_nacimiento, direccion, curp, salario) values ('G26', 12, 'Baldwin', 'Gilcrist', 'De Vaux', '2009-02-26', '93140 Quincy Lane', 'WCDX269443WLOVCR97', 28421);
insert into gerente (id_gerente, id_sucursal, nombre, apellido_paterno, apellido_materno, fecha_nacimiento, direccion, curp, salario) values ('G27', 13, 'Amalea', 'Brightman', 'Matfin', '2019-09-17', '68 Bayside Alley', 'LMOA706443ZJPXHT12', 15719);
insert into gerente (id_gerente, id_sucursal, nombre, apellido_paterno, apellido_materno, fecha_nacimiento, direccion, curp, salario) values ('G28', 14, 'Justine', 'Grimbleby', 'Deyenhardt', '2011-01-10', '12 Jackson Crossing', 'BAJT377860WFHBHA35', 22983);
insert into gerente (id_gerente, id_sucursal, nombre, apellido_paterno, apellido_materno, fecha_nacimiento, direccion, curp, salario) values ('G29', 15, 'Noelyn', 'Druhan', 'Richfield', '2005-04-05', '70192 Buena Vista Circle', 'CYQA945899NFLXJN98', 23579);
insert into gerente (id_gerente, id_sucursal, nombre, apellido_paterno, apellido_materno, fecha_nacimiento, direccion, curp, salario) values ('G30', 1, 'Misha', 'Ovett', 'Ianelli', '2012-08-30', '01735 Homewood Way', 'UGMK909401PTMPMH05', 28624);
insert into gerente (id_gerente, id_sucursal, nombre, apellido_paterno, apellido_materno, fecha_nacimiento, direccion, curp, salario) values ('G31', 2, 'Celia', 'Bonwick', 'Woodson', '2006-03-10', '138 Emmet Court', 'GUCU277239TWUWHC51', 12891);
insert into gerente (id_gerente, id_sucursal, nombre, apellido_paterno, apellido_materno, fecha_nacimiento, direccion, curp, salario) values ('G32', 3, 'Karmen', 'Checketts', 'Alti', '2008-10-16', '56 8th Junction', 'VUMZ295940BYPWMX75', 24924);
insert into gerente (id_gerente, id_sucursal, nombre, apellido_paterno, apellido_materno, fecha_nacimiento, direccion, curp, salario) values ('G33', 4, 'Sampson', 'Vigneron', 'Edmondson', '2015-12-03', '4635 Mitchell Way', 'FVOC075544UZWOQF72', 18737);
insert into gerente (id_gerente, id_sucursal, nombre, apellido_paterno, apellido_materno, fecha_nacimiento, direccion, curp, salario) values ('G34', 5, 'Margit', 'MacShirrie', 'Haysham', '2020-01-07', '4 Ryan Street', 'SEMP518854RZUZWC97', 27494);
insert into gerente (id_gerente, id_sucursal, nombre, apellido_paterno, apellido_materno, fecha_nacimiento, direccion, curp, salario) values ('G35', 6, 'Franchot', 'Dubois', 'Doiley', '2010-02-17', '1080 Manley Plaza', 'TGOM375422JSZTYA18', 26163);
insert into gerente (id_gerente, id_sucursal, nombre, apellido_paterno, apellido_materno, fecha_nacimiento, direccion, curp, salario) values ('G36', 7, 'Julietta', 'Bianco', 'Simonnet', '2008-01-24', '552 Moland Street', 'EUXM069001HMUTKZ24', 22600);
insert into gerente (id_gerente, id_sucursal, nombre, apellido_paterno, apellido_materno, fecha_nacimiento, direccion, curp, salario) values ('G37', 8, 'Dimitri', 'Hastwell', 'Titman', '2012-01-30', '58730 Walton Drive', 'JITK550208JDBWLY23', 16869);
insert into gerente (id_gerente, id_sucursal, nombre, apellido_paterno, apellido_materno, fecha_nacimiento, direccion, curp, salario) values ('G38', 9, 'Kiah', 'Asker', 'Passingham', '2021-08-20', '967 Katie Drive', 'BWHT540308QZYDLY88', 20351);
insert into gerente (id_gerente, id_sucursal, nombre, apellido_paterno, apellido_materno, fecha_nacimiento, direccion, curp, salario) values ('G39', 10, 'Susy', 'Lorinez', 'Langran', '2018-06-29', '57718 Shopko Park', 'RFJH850187MOYTJV42', 17909);
insert into gerente (id_gerente, id_sucursal, nombre, apellido_paterno, apellido_materno, fecha_nacimiento, direccion, curp, salario) values ('G40', 11, 'Sharl', 'Folbige', 'Filmer', '2020-01-23', '38260 Buena Vista Hill', 'IKUK248867ROVPUH52', 13928);
insert into gerente (id_gerente, id_sucursal, nombre, apellido_paterno, apellido_materno, fecha_nacimiento, direccion, curp, salario) values ('G41', 12, 'Clarke', 'Kleynen', 'Artingstall', '2006-09-04', '5 Oakridge Circle', 'RGBY249603JQGCIB51', 16542);
insert into gerente (id_gerente, id_sucursal, nombre, apellido_paterno, apellido_materno, fecha_nacimiento, direccion, curp, salario) values ('G42', 13, 'Aguste', 'Barbe', 'Wiggin', '2023-02-17', '8 Schmedeman Place', 'VNIS284367XHSJRL83', 29720);
insert into gerente (id_gerente, id_sucursal, nombre, apellido_paterno, apellido_materno, fecha_nacimiento, direccion, curp, salario) values ('G43', 14, 'Abdul', 'Canavan', 'McGeown', '2020-04-27', '251 Bartillon Hill', 'KNOU950225EDSRYL12', 24520);
insert into gerente (id_gerente, id_sucursal, nombre, apellido_paterno, apellido_materno, fecha_nacimiento, direccion, curp, salario) values ('G44', 15, 'Falito', 'Timoney', 'Grinnell', '2019-02-01', '60520 Garrison Avenue', 'DRYL920981XASRRZ56', 27442);
insert into gerente (id_gerente, id_sucursal, nombre, apellido_paterno, apellido_materno, fecha_nacimiento, direccion, curp, salario) values ('G45', 1, 'Abigael', 'Bendixen', 'Brack', '2020-06-09', '91 Oak Hill', 'VVYW763181YFIUKF18', 16204);
insert into gerente (id_gerente, id_sucursal, nombre, apellido_paterno, apellido_materno, fecha_nacimiento, direccion, curp, salario) values ('G46', 2, 'Nanny', 'Habbeshaw', 'Murdoch', '2021-09-22', '0786 Lighthouse Bay Court', 'XKXT776957JOFDKH00', 19659);
insert into gerente (id_gerente, id_sucursal, nombre, apellido_paterno, apellido_materno, fecha_nacimiento, direccion, curp, salario) values ('G47', 3, 'Danit', 'Harvie', 'Roelofsen', '2020-02-15', '84233 Oneill Lane', 'OEDS330748GHRIJX49', 24664);
insert into gerente (id_gerente, id_sucursal, nombre, apellido_paterno, apellido_materno, fecha_nacimiento, direccion, curp, salario) values ('G48', 4, 'Danyette', 'Beevor', 'Barroux', '2016-10-19', '864 Paget Drive', 'TLXF343242FLFRLE52', 21381);
insert into gerente (id_gerente, id_sucursal, nombre, apellido_paterno, apellido_materno, fecha_nacimiento, direccion, curp, salario) values ('G49', 5, 'Emilia', 'Berick', 'Tissell', '2015-05-22', '62533 Fieldstone Parkway', 'XCLZ443678ICDLSB73', 18098);
insert into gerente (id_gerente, id_sucursal, nombre, apellido_paterno, apellido_materno, fecha_nacimiento, direccion, curp, salario) values ('G50', 6, 'Giorgia', 'Mallall', 'Elliff', '2012-07-17', '59527 Division Way', 'JBII178215YXPIRA65', 29590);
insert into gerente (id_gerente, id_sucursal, nombre, apellido_paterno, apellido_materno, fecha_nacimiento, direccion, curp, salario) values ('G51', 7, 'Tripp', 'Vasquez', 'Campey', '2014-04-03', '9 Melvin Lane', 'LMAR392906JLEMPE81', 24065);
insert into gerente (id_gerente, id_sucursal, nombre, apellido_paterno, apellido_materno, fecha_nacimiento, direccion, curp, salario) values ('G52', 8, 'Bellanca', 'Mochan', 'Maddigan', '2006-04-02', '42879 Spohn Court', 'SFBZ868522QJEMPH39', 22488);
insert into gerente (id_gerente, id_sucursal, nombre, apellido_paterno, apellido_materno, fecha_nacimiento, direccion, curp, salario) values ('G53', 9, 'Ogdon', 'Coath', 'Baiss', '2018-04-26', '21 Crowley Point', 'TXWH945967OEKAOM90', 21651);
insert into gerente (id_gerente, id_sucursal, nombre, apellido_paterno, apellido_materno, fecha_nacimiento, direccion, curp, salario) values ('G54', 10, 'Jewell', 'Eskell', 'Gush', '2008-01-29', '52 Birchwood Trail', 'WLLX162942AFVEPA32', 28099);
insert into gerente (id_gerente, id_sucursal, nombre, apellido_paterno, apellido_materno, fecha_nacimiento, direccion, curp, salario) values ('G55', 11, 'Ozzie', 'Strippel', 'Landell', '2008-05-04', '8606 Quincy Place', 'LAIG488299EWQBZX21', 20239);
insert into gerente (id_gerente, id_sucursal, nombre, apellido_paterno, apellido_materno, fecha_nacimiento, direccion, curp, salario) values ('G56', 12, 'Dianna', 'Edinboro', 'Jordine', '2008-03-11', '09 Mifflin Trail', 'ZFFP171297MHHOCZ35', 14019);
insert into gerente (id_gerente, id_sucursal, nombre, apellido_paterno, apellido_materno, fecha_nacimiento, direccion, curp, salario) values ('G57', 13, 'Brandea', 'O''Murtagh', 'Zumbusch', '2019-04-05', '04896 Maple Place', 'HIKJ986505IOOHFG29', 19984);
insert into gerente (id_gerente, id_sucursal, nombre, apellido_paterno, apellido_materno, fecha_nacimiento, direccion, curp, salario) values ('G58', 14, 'Christy', 'Priestley', 'Lyons', '2007-04-07', '924 Shopko Hill', 'RDXD071663RLVNWM12', 21923);
insert into gerente (id_gerente, id_sucursal, nombre, apellido_paterno, apellido_materno, fecha_nacimiento, direccion, curp, salario) values ('G59', 15, 'Keir', 'Greatorex', 'Cheeney', '2019-07-30', '4182 Forest Trail', 'ICAQ279570UKXMLI53', 21259);
insert into gerente (id_gerente, id_sucursal, nombre, apellido_paterno, apellido_materno, fecha_nacimiento, direccion, curp, salario) values ('G60', 1, 'Saw', 'Deniske', 'Porritt', '2019-02-14', '1 Sunbrook Avenue', 'SQHJ470912HNWDHK65', 17304);
insert into gerente (id_gerente, id_sucursal, nombre, apellido_paterno, apellido_materno, fecha_nacimiento, direccion, curp, salario) values ('G61', 2, 'Friedrick', 'Locket', 'Corteis', '2010-02-28', '1450 North Junction', 'UXNP136191JRDLBZ84', 29452);
insert into gerente (id_gerente, id_sucursal, nombre, apellido_paterno, apellido_materno, fecha_nacimiento, direccion, curp, salario) values ('G62', 3, 'Gerty', 'Lindsley', 'Spurden', '2019-01-30', '28 Northwestern Road', 'IOHN192181ZVVLID02', 26039);
insert into gerente (id_gerente, id_sucursal, nombre, apellido_paterno, apellido_materno, fecha_nacimiento, direccion, curp, salario) values ('G63', 4, 'Barrie', 'Mc Andrew', 'Scudamore', '2015-07-19', '0 2nd Hill', 'IBFP912526MWZBIY31', 19572);
insert into gerente (id_gerente, id_sucursal, nombre, apellido_paterno, apellido_materno, fecha_nacimiento, direccion, curp, salario) values ('G64', 5, 'Minta', 'Insole', 'Levay', '2023-04-30', '5733 Surrey Point', 'UQJK944946MNNIDK68', 28422);
insert into gerente (id_gerente, id_sucursal, nombre, apellido_paterno, apellido_materno, fecha_nacimiento, direccion, curp, salario) values ('G65', 6, 'Nicoline', 'Saur', 'Hadwick', '2006-10-10', '728 Bay Hill', 'OBYO417142KHHBHH73', 18441);
insert into gerente (id_gerente, id_sucursal, nombre, apellido_paterno, apellido_materno, fecha_nacimiento, direccion, curp, salario) values ('G66', 7, 'Tersina', 'Danielou', 'Pargetter', '2022-09-04', '45819 Iowa Avenue', 'QXKS741908GYSEUH95', 29853);
insert into gerente (id_gerente, id_sucursal, nombre, apellido_paterno, apellido_materno, fecha_nacimiento, direccion, curp, salario) values ('G67', 8, 'Chrotoem', 'Hulcoop', 'Mee', '2010-01-23', '60 Nelson Pass', 'DANB538413UTOWMD02', 12531);
insert into gerente (id_gerente, id_sucursal, nombre, apellido_paterno, apellido_materno, fecha_nacimiento, direccion, curp, salario) values ('G68', 9, 'Jami', 'Romaint', 'Ranklin', '2010-05-12', '844 6th Court', 'PKAO512378QHDMXR70', 28888);
insert into gerente (id_gerente, id_sucursal, nombre, apellido_paterno, apellido_materno, fecha_nacimiento, direccion, curp, salario) values ('G69', 10, 'Leland', 'Lewry', 'Hue', '2022-05-17', '3 Heffernan Circle', 'GWGY226338NJUBEO25', 14897);
insert into gerente (id_gerente, id_sucursal, nombre, apellido_paterno, apellido_materno, fecha_nacimiento, direccion, curp, salario) values ('G70', 11, 'Berna', 'Morville', 'Norledge', '2017-07-21', '76 La Follette Center', 'HUGE316890AUCJPE62', 25537);
insert into gerente (id_gerente, id_sucursal, nombre, apellido_paterno, apellido_materno, fecha_nacimiento, direccion, curp, salario) values ('G71', 12, 'Ardine', 'Simkovich', 'De Vaux', '2005-09-09', '15 Erie Terrace', 'WRFZ589070RVUTYA33', 13538);
insert into gerente (id_gerente, id_sucursal, nombre, apellido_paterno, apellido_materno, fecha_nacimiento, direccion, curp, salario) values ('G72', 13, 'Tamqrah', 'Leyre', 'MacVagh', '2018-01-02', '11732 Manley Parkway', 'FOBZ147673HUYNXD01', 16857);
insert into gerente (id_gerente, id_sucursal, nombre, apellido_paterno, apellido_materno, fecha_nacimiento, direccion, curp, salario) values ('G73', 14, 'Gabrielle', 'Desvignes', 'Askey', '2015-09-09', '39471 Emmet Point', 'GFPA168750RXRZGB56', 18892);
insert into gerente (id_gerente, id_sucursal, nombre, apellido_paterno, apellido_materno, fecha_nacimiento, direccion, curp, salario) values ('G74', 15, 'Cory', 'Sallter', 'MacGillavery', '2006-06-30', '64195 Marquette Parkway', 'LWWL771847IVPWLB65', 25291);
insert into gerente (id_gerente, id_sucursal, nombre, apellido_paterno, apellido_materno, fecha_nacimiento, direccion, curp, salario) values ('G75', 1, 'Tracy', 'Botly', 'Bolzmann', '2022-11-27', '5 Kennedy Center', 'THPE908966KHLHIS34', 20344);
insert into gerente (id_gerente, id_sucursal, nombre, apellido_paterno, apellido_materno, fecha_nacimiento, direccion, curp, salario) values ('G76', 2, 'Syman', 'Hardwidge', 'Davio', '2018-09-07', '1206 Pierstorff Road', 'JPRL975822TVCSNE41', 25593);
insert into gerente (id_gerente, id_sucursal, nombre, apellido_paterno, apellido_materno, fecha_nacimiento, direccion, curp, salario) values ('G77', 3, 'Romonda', 'Eyckelberg', 'Saunter', '2021-08-11', '8969 Prairieview Hill', 'DMSE710967UUEXQT07', 16859);
insert into gerente (id_gerente, id_sucursal, nombre, apellido_paterno, apellido_materno, fecha_nacimiento, direccion, curp, salario) values ('G78', 4, 'Gabriello', 'Millbank', 'Bernini', '2016-11-08', '7459 Muir Hill', 'ALCQ673906QBWPLR38', 22586);
insert into gerente (id_gerente, id_sucursal, nombre, apellido_paterno, apellido_materno, fecha_nacimiento, direccion, curp, salario) values ('G79', 5, 'Nicol', 'Spellar', 'Shew', '2006-08-01', '3237 Northview Road', 'LFNA639644JAVMXH34', 14993);
insert into gerente (id_gerente, id_sucursal, nombre, apellido_paterno, apellido_materno, fecha_nacimiento, direccion, curp, salario) values ('G80', 6, 'Axe', 'Corey', 'Sailer', '2017-02-12', '247 Summerview Avenue', 'IHBJ005147ZVDSHV44', 17449);
insert into gerente (id_gerente, id_sucursal, nombre, apellido_paterno, apellido_materno, fecha_nacimiento, direccion, curp, salario) values ('G81', 7, 'Vicky', 'Sobieski', 'Burrett', '2010-07-29', '311 Dayton Court', 'FBOD006364FDFUPR11', 18035);
insert into gerente (id_gerente, id_sucursal, nombre, apellido_paterno, apellido_materno, fecha_nacimiento, direccion, curp, salario) values ('G82', 8, 'Averell', 'Thay', 'Pinwill', '2007-07-29', '6 John Wall Street', 'VZDR099530MOPDSR03', 21244);
insert into gerente (id_gerente, id_sucursal, nombre, apellido_paterno, apellido_materno, fecha_nacimiento, direccion, curp, salario) values ('G83', 9, 'Herta', 'Dalyiel', 'Garnar', '2006-10-01', '3457 Dapin Terrace', 'AOKC416983BEJGLP81', 29984);
insert into gerente (id_gerente, id_sucursal, nombre, apellido_paterno, apellido_materno, fecha_nacimiento, direccion, curp, salario) values ('G84', 10, 'Moore', 'Hasney', 'Pelling', '2022-04-30', '04928 Manley Hill', 'BZCX886210ZXMACF30', 23850);
insert into gerente (id_gerente, id_sucursal, nombre, apellido_paterno, apellido_materno, fecha_nacimiento, direccion, curp, salario) values ('G85', 11, 'Brooks', 'Dunkersley', 'Melburg', '2021-12-24', '706 Clyde Gallagher Pass', 'GHUO944489JUDUGR42', 25657);
insert into gerente (id_gerente, id_sucursal, nombre, apellido_paterno, apellido_materno, fecha_nacimiento, direccion, curp, salario) values ('G86', 12, 'Dalenna', 'Killingsworth', 'Matyushonok', '2014-08-17', '39 Springs Alley', 'PAOF758318DQYJOT41', 14051);
insert into gerente (id_gerente, id_sucursal, nombre, apellido_paterno, apellido_materno, fecha_nacimiento, direccion, curp, salario) values ('G87', 13, 'Had', 'Fookes', 'Ions', '2020-05-07', '0 Dwight Avenue', 'LYXJ147196LMHXCT07', 14380);
insert into gerente (id_gerente, id_sucursal, nombre, apellido_paterno, apellido_materno, fecha_nacimiento, direccion, curp, salario) values ('G88', 14, 'Kalie', 'Kundert', 'Casarili', '2010-03-14', '5390 Oakridge Road', 'GDHN483155UPRIVD41', 22547);
insert into gerente (id_gerente, id_sucursal, nombre, apellido_paterno, apellido_materno, fecha_nacimiento, direccion, curp, salario) values ('G89', 15, 'Ram', 'Worgan', 'Faughny', '2012-02-04', '24111 Kennedy Alley', 'VXWE445413GGSDNK81', 21124);
insert into gerente (id_gerente, id_sucursal, nombre, apellido_paterno, apellido_materno, fecha_nacimiento, direccion, curp, salario) values ('G90', 1, 'Thorvald', 'Ouslem', 'Reddel', '2017-11-03', '56190 Sheridan Way', 'QNUF272480VWIAKQ69', 27959);
insert into gerente (id_gerente, id_sucursal, nombre, apellido_paterno, apellido_materno, fecha_nacimiento, direccion, curp, salario) values ('G91', 2, 'Dirk', 'Yashanov', 'Culkin', '2010-11-14', '50390 Hoepker Plaza', 'SWKD300177OKZIHZ77', 13950);
insert into gerente (id_gerente, id_sucursal, nombre, apellido_paterno, apellido_materno, fecha_nacimiento, direccion, curp, salario) values ('G92', 3, 'Quinlan', 'Pristnor', 'Shegog', '2019-06-04', '2 Mockingbird Road', 'HKCM144161UZDMNL17', 22635);
insert into gerente (id_gerente, id_sucursal, nombre, apellido_paterno, apellido_materno, fecha_nacimiento, direccion, curp, salario) values ('G93', 4, 'Skell', 'Damato', 'Gapp', '2014-02-22', '68954 Lukken Trail', 'FNHG120728HNPLDH61', 21173);
insert into gerente (id_gerente, id_sucursal, nombre, apellido_paterno, apellido_materno, fecha_nacimiento, direccion, curp, salario) values ('G94', 5, 'Lauri', 'Arnli', 'Shakeshaft', '2017-12-03', '61562 Straubel Street', 'TJPH893872BXURWY70', 17966);
insert into gerente (id_gerente, id_sucursal, nombre, apellido_paterno, apellido_materno, fecha_nacimiento, direccion, curp, salario) values ('G95', 6, 'Sophi', 'Poulsen', 'Stinchcombe', '2018-05-30', '7 Oneill Alley', 'XBJO015425PAGKLQ54', 19960);
insert into gerente (id_gerente, id_sucursal, nombre, apellido_paterno, apellido_materno, fecha_nacimiento, direccion, curp, salario) values ('G96', 7, 'Ariela', 'Orrell', 'De Vaux', '2023-04-26', '6 Buell Drive', 'GPOK525190VJRXCO25', 14056);
insert into gerente (id_gerente, id_sucursal, nombre, apellido_paterno, apellido_materno, fecha_nacimiento, direccion, curp, salario) values ('G97', 8, 'Orelie', 'Dorro', 'Harlick', '2006-12-12', '18864 Division Circle', 'IASR678346ZYXQZX96', 18074);
insert into gerente (id_gerente, id_sucursal, nombre, apellido_paterno, apellido_materno, fecha_nacimiento, direccion, curp, salario) values ('G98', 9, 'Melitta', 'Le feaver', 'Alner', '2011-06-04', '9 Saint Paul Alley', 'ZSRL238122YXGPGP32', 22577);
insert into gerente (id_gerente, id_sucursal, nombre, apellido_paterno, apellido_materno, fecha_nacimiento, direccion, curp, salario) values ('G99', 10, 'Amitie', 'Peedell', 'Lammie', '2014-03-16', '4 Manley Crossing', 'RKMT820127FNODCQ31', 19779);
insert into gerente (id_gerente, id_sucursal, nombre, apellido_paterno, apellido_materno, fecha_nacimiento, direccion, curp, salario) values ('G100', 11, 'Karlan', 'Kingcott', 'Wilding', '2016-06-28', '7 Wayridge Road', 'OZIB202062TKIKHX04', 19255);
insert into tel_gerente (id_gerente, tel_ger) values ('G1', '8389940310');
insert into tel_gerente (id_gerente, tel_ger) values ('G2', '0569749158');
insert into tel_gerente (id_gerente, tel_ger) values ('G3', '8761516767');
insert into tel_gerente (id_gerente, tel_ger) values ('G4', '4057772634');
insert into tel_gerente (id_gerente, tel_ger) values ('G5', '4447990814');
insert into tel_gerente (id_gerente, tel_ger) values ('G6', '2158076887');
insert into tel_gerente (id_gerente, tel_ger) values ('G7', '7288342808');
insert into tel_gerente (id_gerente, tel_ger) values ('G8', '9879201086');
insert into tel_gerente (id_gerente, tel_ger) values ('G9', '0474433277');
insert into tel_gerente (id_gerente, tel_ger) values ('G10', '8694765225');
insert into tel_gerente (id_gerente, tel_ger) values ('G11', '5859961537');
insert into tel_gerente (id_gerente, tel_ger) values ('G12', '5617003194');
insert into tel_gerente (id_gerente, tel_ger) values ('G13', '9452660538');
insert into tel_gerente (id_gerente, tel_ger) values ('G14', '7216598466');
insert into tel_gerente (id_gerente, tel_ger) values ('G15', '0168310813');
insert into tel_gerente (id_gerente, tel_ger) values ('G16', '3570137376');
insert into tel_gerente (id_gerente, tel_ger) values ('G17', '0351584730');
insert into tel_gerente (id_gerente, tel_ger) values ('G18', '4830858672');
insert into tel_gerente (id_gerente, tel_ger) values ('G19', '1530349540');
insert into tel_gerente (id_gerente, tel_ger) values ('G20', '4829923350');
insert into tel_gerente (id_gerente, tel_ger) values ('G21', '9635811918');
insert into tel_gerente (id_gerente, tel_ger) values ('G22', '4697403037');
insert into tel_gerente (id_gerente, tel_ger) values ('G23', '6875929333');
insert into tel_gerente (id_gerente, tel_ger) values ('G24', '5282359359');
insert into tel_gerente (id_gerente, tel_ger) values ('G25', '6149485692');
insert into tel_gerente (id_gerente, tel_ger) values ('G26', '6786577199');
insert into tel_gerente (id_gerente, tel_ger) values ('G27', '5897647399');
insert into tel_gerente (id_gerente, tel_ger) values ('G28', '7117461004');
insert into tel_gerente (id_gerente, tel_ger) values ('G29', '4563283797');
insert into tel_gerente (id_gerente, tel_ger) values ('G30', '9548117614');
insert into tel_gerente (id_gerente, tel_ger) values ('G31', '2113310910');
insert into tel_gerente (id_gerente, tel_ger) values ('G32', '9356877246');
insert into tel_gerente (id_gerente, tel_ger) values ('G33', '5437730578');
insert into tel_gerente (id_gerente, tel_ger) values ('G34', '9256515148');
insert into tel_gerente (id_gerente, tel_ger) values ('G35', '4417486794');
insert into tel_gerente (id_gerente, tel_ger) values ('G36', '3565844442');
insert into tel_gerente (id_gerente, tel_ger) values ('G37', '1595359303');
insert into tel_gerente (id_gerente, tel_ger) values ('G38', '2552250408');
insert into tel_gerente (id_gerente, tel_ger) values ('G39', '2110227885');
insert into tel_gerente (id_gerente, tel_ger) values ('G40', '0035512148');
insert into tel_gerente (id_gerente, tel_ger) values ('G41', '9183744894');
insert into tel_gerente (id_gerente, tel_ger) values ('G42', '3836139200');
insert into tel_gerente (id_gerente, tel_ger) values ('G43', '3967164667');
insert into tel_gerente (id_gerente, tel_ger) values ('G44', '6465829037');
insert into tel_gerente (id_gerente, tel_ger) values ('G45', '0938005065');
insert into tel_gerente (id_gerente, tel_ger) values ('G46', '1325470066');
insert into tel_gerente (id_gerente, tel_ger) values ('G47', '5696022766');
insert into tel_gerente (id_gerente, tel_ger) values ('G48', '0710013310');
insert into tel_gerente (id_gerente, tel_ger) values ('G49', '9781113170');
insert into tel_gerente (id_gerente, tel_ger) values ('G50', '1049266528');
insert into tel_gerente (id_gerente, tel_ger) values ('G51', '5595823763');
insert into tel_gerente (id_gerente, tel_ger) values ('G52', '8556068855');
insert into tel_gerente (id_gerente, tel_ger) values ('G53', '2121991409');
insert into tel_gerente (id_gerente, tel_ger) values ('G54', '2985866952');
insert into tel_gerente (id_gerente, tel_ger) values ('G55', '5620866599');
insert into tel_gerente (id_gerente, tel_ger) values ('G56', '2847268162');
insert into tel_gerente (id_gerente, tel_ger) values ('G57', '3414360837');
insert into tel_gerente (id_gerente, tel_ger) values ('G58', '8033896086');
insert into tel_gerente (id_gerente, tel_ger) values ('G59', '0037531042');
insert into tel_gerente (id_gerente, tel_ger) values ('G60', '1970314249');
insert into tel_gerente (id_gerente, tel_ger) values ('G61', '9068715925');
insert into tel_gerente (id_gerente, tel_ger) values ('G62', '6331326359');
insert into tel_gerente (id_gerente, tel_ger) values ('G63', '4206694761');
insert into tel_gerente (id_gerente, tel_ger) values ('G64', '6254660377');
insert into tel_gerente (id_gerente, tel_ger) values ('G65', '9564987946');
insert into tel_gerente (id_gerente, tel_ger) values ('G66', '8497030141');
insert into tel_gerente (id_gerente, tel_ger) values ('G67', '2119961344');
insert into tel_gerente (id_gerente, tel_ger) values ('G68', '9344864292');
insert into tel_gerente (id_gerente, tel_ger) values ('G69', '4425358082');
insert into tel_gerente (id_gerente, tel_ger) values ('G70', '0413726444');
insert into tel_gerente (id_gerente, tel_ger) values ('G71', '0397960689');
insert into tel_gerente (id_gerente, tel_ger) values ('G72', '3290213285');
insert into tel_gerente (id_gerente, tel_ger) values ('G73', '9300536036');
insert into tel_gerente (id_gerente, tel_ger) values ('G74', '8538960938');
insert into tel_gerente (id_gerente, tel_ger) values ('G75', '8162199888');
insert into tel_gerente (id_gerente, tel_ger) values ('G76', '7322858751');
insert into tel_gerente (id_gerente, tel_ger) values ('G77', '8841956208');
insert into tel_gerente (id_gerente, tel_ger) values ('G78', '7865830777');
insert into tel_gerente (id_gerente, tel_ger) values ('G79', '9045418495');
insert into tel_gerente (id_gerente, tel_ger) values ('G80', '0258047941');
insert into tel_gerente (id_gerente, tel_ger) values ('G81', '6004650013');
insert into tel_gerente (id_gerente, tel_ger) values ('G82', '6227804185');
insert into tel_gerente (id_gerente, tel_ger) values ('G83', '5363358077');
insert into tel_gerente (id_gerente, tel_ger) values ('G84', '6974109539');
insert into tel_gerente (id_gerente, tel_ger) values ('G85', '3945143764');
insert into tel_gerente (id_gerente, tel_ger) values ('G86', '3496475390');
insert into tel_gerente (id_gerente, tel_ger) values ('G87', '0852590814');
insert into tel_gerente (id_gerente, tel_ger) values ('G88', '5961402207');
insert into tel_gerente (id_gerente, tel_ger) values ('G89', '8505343352');
insert into tel_gerente (id_gerente, tel_ger) values ('G90', '0336939442');
insert into tel_gerente (id_gerente, tel_ger) values ('G91', '5287687141');
insert into tel_gerente (id_gerente, tel_ger) values ('G92', '0979133750');
insert into tel_gerente (id_gerente, tel_ger) values ('G93', '4594631800');
insert into tel_gerente (id_gerente, tel_ger) values ('G94', '7545963156');
insert into tel_gerente (id_gerente, tel_ger) values ('G95', '1088632408');
insert into tel_gerente (id_gerente, tel_ger) values ('G96', '4112135203');
insert into tel_gerente (id_gerente, tel_ger) values ('G97', '9333953663');
insert into tel_gerente (id_gerente, tel_ger) values ('G98', '5103500205');
insert into tel_gerente (id_gerente, tel_ger) values ('G99', '0384842925');
insert into tel_gerente (id_gerente, tel_ger) values ('G100', '1141109786');    

insert into correo_gerente (id_gerente, correo_ger) values ('G1', '0021224013');
insert into correo_gerente (id_gerente, correo_ger) values ('G2', '8152595969');
insert into correo_gerente (id_gerente, correo_ger) values ('G3', '6097585829');
insert into correo_gerente (id_gerente, correo_ger) values ('G4', '9751163811');
insert into correo_gerente (id_gerente, correo_ger) values ('G5', '1569668965');
insert into correo_gerente (id_gerente, correo_ger) values ('G6', '7870748765');
insert into correo_gerente (id_gerente, correo_ger) values ('G7', '7225883038');
insert into correo_gerente (id_gerente, correo_ger) values ('G8', '7568259757');
insert into correo_gerente (id_gerente, correo_ger) values ('G9', '1436637503');
insert into correo_gerente (id_gerente, correo_ger) values ('G10', '7664244099');
insert into correo_gerente (id_gerente, correo_ger) values ('G11', '7128999280');
insert into correo_gerente (id_gerente, correo_ger) values ('G12', '8633401800');
insert into correo_gerente (id_gerente, correo_ger) values ('G13', '4445311251');
insert into correo_gerente (id_gerente, correo_ger) values ('G14', '9853587254');
insert into correo_gerente (id_gerente, correo_ger) values ('G15', '6121202637');
insert into correo_gerente (id_gerente, correo_ger) values ('G16', '1617804037');
insert into correo_gerente (id_gerente, correo_ger) values ('G17', '5953948638');
insert into correo_gerente (id_gerente, correo_ger) values ('G18', '4452606903');
insert into correo_gerente (id_gerente, correo_ger) values ('G19', '6598253896');
insert into correo_gerente (id_gerente, correo_ger) values ('G20', '5518560222');
insert into correo_gerente (id_gerente, correo_ger) values ('G21', '7834042785');
insert into correo_gerente (id_gerente, correo_ger) values ('G22', '1726515583');
insert into correo_gerente (id_gerente, correo_ger) values ('G23', '2670996310');
insert into correo_gerente (id_gerente, correo_ger) values ('G24', '8529441982');
insert into correo_gerente (id_gerente, correo_ger) values ('G25', '3495059636');
insert into correo_gerente (id_gerente, correo_ger) values ('G26', '3043387848');
insert into correo_gerente (id_gerente, correo_ger) values ('G27', '6001248443');
insert into correo_gerente (id_gerente, correo_ger) values ('G28', '5584077518');
insert into correo_gerente (id_gerente, correo_ger) values ('G29', '5136443650');
insert into correo_gerente (id_gerente, correo_ger) values ('G30', '5282025833');
insert into correo_gerente (id_gerente, correo_ger) values ('G31', '6500473353');
insert into correo_gerente (id_gerente, correo_ger) values ('G32', '8236484300');
insert into correo_gerente (id_gerente, correo_ger) values ('G33', '9339084462');
insert into correo_gerente (id_gerente, correo_ger) values ('G34', '9130615909');
insert into correo_gerente (id_gerente, correo_ger) values ('G35', '0251569101');
insert into correo_gerente (id_gerente, correo_ger) values ('G36', '0531134628');
insert into correo_gerente (id_gerente, correo_ger) values ('G37', '7111808797');
insert into correo_gerente (id_gerente, correo_ger) values ('G38', '9100557099');
insert into correo_gerente (id_gerente, correo_ger) values ('G39', '0300989369');
insert into correo_gerente (id_gerente, correo_ger) values ('G40', '6111118951');
insert into correo_gerente (id_gerente, correo_ger) values ('G41', '5350553941');
insert into correo_gerente (id_gerente, correo_ger) values ('G42', '0621567493');
insert into correo_gerente (id_gerente, correo_ger) values ('G43', '1298126487');
insert into correo_gerente (id_gerente, correo_ger) values ('G44', '5298976670');
insert into correo_gerente (id_gerente, correo_ger) values ('G45', '0136778720');
insert into correo_gerente (id_gerente, correo_ger) values ('G46', '0685092445');
insert into correo_gerente (id_gerente, correo_ger) values ('G47', '5411517354');
insert into correo_gerente (id_gerente, correo_ger) values ('G48', '5547375411');
insert into correo_gerente (id_gerente, correo_ger) values ('G49', '9669161363');
insert into correo_gerente (id_gerente, correo_ger) values ('G50', '4311825404');
insert into correo_gerente (id_gerente, correo_ger) values ('G51', '0222260548');
insert into correo_gerente (id_gerente, correo_ger) values ('G52', '4766933842');
insert into correo_gerente (id_gerente, correo_ger) values ('G53', '3494801789');
insert into correo_gerente (id_gerente, correo_ger) values ('G54', '5545273107');
insert into correo_gerente (id_gerente, correo_ger) values ('G55', '4887999771');
insert into correo_gerente (id_gerente, correo_ger) values ('G56', '3767485303');
insert into correo_gerente (id_gerente, correo_ger) values ('G57', '2163952193');
insert into correo_gerente (id_gerente, correo_ger) values ('G58', '2641711400');
insert into correo_gerente (id_gerente, correo_ger) values ('G59', '2458945171');
insert into correo_gerente (id_gerente, correo_ger) values ('G60', '8292788956');
insert into correo_gerente (id_gerente, correo_ger) values ('G61', '0093604327');
insert into correo_gerente (id_gerente, correo_ger) values ('G62', '6810614486');
insert into correo_gerente (id_gerente, correo_ger) values ('G63', '5989983336');
insert into correo_gerente (id_gerente, correo_ger) values ('G64', '9079802034');
insert into correo_gerente (id_gerente, correo_ger) values ('G65', '9613241620');
insert into correo_gerente (id_gerente, correo_ger) values ('G66', '1742845347');
insert into correo_gerente (id_gerente, correo_ger) values ('G67', '5740688019');
insert into correo_gerente (id_gerente, correo_ger) values ('G68', '0378716492');
insert into correo_gerente (id_gerente, correo_ger) values ('G69', '9640104736');
insert into correo_gerente (id_gerente, correo_ger) values ('G70', '5761336340');
insert into correo_gerente (id_gerente, correo_ger) values ('G71', '0413842762');
insert into correo_gerente (id_gerente, correo_ger) values ('G72', '6049075727');
insert into correo_gerente (id_gerente, correo_ger) values ('G73', '2033001741');
insert into correo_gerente (id_gerente, correo_ger) values ('G74', '5622543029');
insert into correo_gerente (id_gerente, correo_ger) values ('G75', '3183805413');
insert into correo_gerente (id_gerente, correo_ger) values ('G76', '7392006029');
insert into correo_gerente (id_gerente, correo_ger) values ('G77', '1938225783');
insert into correo_gerente (id_gerente, correo_ger) values ('G78', '3059394687');
insert into correo_gerente (id_gerente, correo_ger) values ('G79', '8576808684');
insert into correo_gerente (id_gerente, correo_ger) values ('G80', '4740505266');
insert into correo_gerente (id_gerente, correo_ger) values ('G81', '4136984219');
insert into correo_gerente (id_gerente, correo_ger) values ('G82', '1170460569');
insert into correo_gerente (id_gerente, correo_ger) values ('G83', '5683211727');
insert into correo_gerente (id_gerente, correo_ger) values ('G84', '6645926464');
insert into correo_gerente (id_gerente, correo_ger) values ('G85', '3074274077');
insert into correo_gerente (id_gerente, correo_ger) values ('G86', '4973156302');
insert into correo_gerente (id_gerente, correo_ger) values ('G87', '9719416335');
insert into correo_gerente (id_gerente, correo_ger) values ('G88', '7523335063');
insert into correo_gerente (id_gerente, correo_ger) values ('G89', '5544408246');
insert into correo_gerente (id_gerente, correo_ger) values ('G90', '7455916965');
insert into correo_gerente (id_gerente, correo_ger) values ('G91', '9126263947');
insert into correo_gerente (id_gerente, correo_ger) values ('G92', '4646201712');
insert into correo_gerente (id_gerente, correo_ger) values ('G93', '9439415827');
insert into correo_gerente (id_gerente, correo_ger) values ('G94', '5975508770');
insert into correo_gerente (id_gerente, correo_ger) values ('G95', '9554599021');
insert into correo_gerente (id_gerente, correo_ger) values ('G96', '0756719933');
insert into correo_gerente (id_gerente, correo_ger) values ('G97', '9044982524');
insert into correo_gerente (id_gerente, correo_ger) values ('G98', '3934706134');
insert into correo_gerente (id_gerente, correo_ger) values ('G99', '3832197230');
insert into correo_gerente (id_gerente, correo_ger) values ('G100', '7101778712');
insert into encargado (id_encargado, id_sucursal, nombre, apellido_paterno, apellido_materno, fecha_nacimiento, direccion, curp, salario) values ('E1', 2, 'Spike', 'Cowup', 'Miklem', '2010-06-17', '98575 Sugar Point', 'JYNJ601479SOIDRW51', 16816);
insert into encargado (id_encargado, id_sucursal, nombre, apellido_paterno, apellido_materno, fecha_nacimiento, direccion, curp, salario) values ('E2', 3, 'Marius', 'Goodale', 'McRobb', '2021-09-18', '1740 Division Trail', 'UTYC257469HIMOTV63', 16980);
insert into encargado (id_encargado, id_sucursal, nombre, apellido_paterno, apellido_materno, fecha_nacimiento, direccion, curp, salario) values ('E3', 4, 'Caresse', 'Chaudrelle', 'Hobbing', '2012-02-15', '8 Menomonie Crossing', 'IJZG324345MUZURK92', 18414);
insert into encargado (id_encargado, id_sucursal, nombre, apellido_paterno, apellido_materno, fecha_nacimiento, direccion, curp, salario) values ('E4', 5, 'Golda', 'Furtado', 'Barbery', '2006-04-25', '0573 Heath Hill', 'LFXP921701KXUEUC49', 19569);
insert into encargado (id_encargado, id_sucursal, nombre, apellido_paterno, apellido_materno, fecha_nacimiento, direccion, curp, salario) values ('E5', 6, 'Randal', 'Beak', 'Dur', '2010-03-09', '415 Kropf Alley', 'DPHW820702LVAYEH68', 12445);
insert into encargado (id_encargado, id_sucursal, nombre, apellido_paterno, apellido_materno, fecha_nacimiento, direccion, curp, salario) values ('E6', 7, 'Aldous', 'Culshew', 'McLanachan', '2016-09-29', '06360 Fulton Street', 'WMMO977312GBCWFT18', 18986);
insert into encargado (id_encargado, id_sucursal, nombre, apellido_paterno, apellido_materno, fecha_nacimiento, direccion, curp, salario) values ('E7', 8, 'Adolpho', 'Glynne', 'Vasilyevski', '2020-05-13', '85 Butterfield Court', 'LLRX517871BLXFTX72', 10998);
insert into encargado (id_encargado, id_sucursal, nombre, apellido_paterno, apellido_materno, fecha_nacimiento, direccion, curp, salario) values ('E8', 9, 'Rutherford', 'Bentley', 'Martland', '2017-07-29', '00 Loeprich Alley', 'ZOKV283609SMTDFM22', 13524);
insert into encargado (id_encargado, id_sucursal, nombre, apellido_paterno, apellido_materno, fecha_nacimiento, direccion, curp, salario) values ('E9', 10, 'Jeannie', 'Wedlake', 'Seifenmacher', '2017-05-15', '0683 Ridgeway Center', 'NQAG366301UOMAYZ19', 14392);
insert into encargado (id_encargado, id_sucursal, nombre, apellido_paterno, apellido_materno, fecha_nacimiento, direccion, curp, salario) values ('E10', 11, 'Malinde', 'Aikett', 'Signoret', '2019-04-21', '2632 Mifflin Crossing', 'FYEM338216FYNPYT68', 15232);
insert into encargado (id_encargado, id_sucursal, nombre, apellido_paterno, apellido_materno, fecha_nacimiento, direccion, curp, salario) values ('E11', 12, 'Dante', 'Dufaire', 'Wapol', '2004-01-01', '2199 Dryden Center', 'HSKC423378HNGSDX62', 15250);
insert into encargado (id_encargado, id_sucursal, nombre, apellido_paterno, apellido_materno, fecha_nacimiento, direccion, curp, salario) values ('E12', 13, 'Nertie', 'Celiz', 'Karlicek', '2007-11-07', '623 Garrison Circle', 'SFKD670208YMPLMW72', 10885);
insert into encargado (id_encargado, id_sucursal, nombre, apellido_paterno, apellido_materno, fecha_nacimiento, direccion, curp, salario) values ('E13', 14, 'Jobyna', 'Hedin', 'Barbery', '2014-12-08', '4633 Birchwood Avenue', 'ORQN783863BVOIVF96', 14720);
insert into encargado (id_encargado, id_sucursal, nombre, apellido_paterno, apellido_materno, fecha_nacimiento, direccion, curp, salario) values ('E14', 15, 'Rab', 'Oakenfall', 'Bergen', '2020-06-03', '6 Mifflin Drive', 'KXGQ724757ZXZVXF35', 12080);
insert into encargado (id_encargado, id_sucursal, nombre, apellido_paterno, apellido_materno, fecha_nacimiento, direccion, curp, salario) values ('E15', 1, 'Bridie', 'Hobden', 'O''Doogan', '2019-05-25', '4722 American Ash Trail', 'CCSU315894PAGVAZ58', 9704);
insert into encargado (id_encargado, id_sucursal, nombre, apellido_paterno, apellido_materno, fecha_nacimiento, direccion, curp, salario) values ('E16', 2, 'Terrill', 'Utley', 'D''Ambrosi', '2011-04-09', '3035 Clarendon Pass', 'SJPU908678RSRBLT49', 18313);
insert into encargado (id_encargado, id_sucursal, nombre, apellido_paterno, apellido_materno, fecha_nacimiento, direccion, curp, salario) values ('E17', 3, 'Alleyn', 'Tombleson', 'Gowland', '2007-06-08', '917 Artisan Avenue', 'VYMB900633SRGSCA68', 15697);
insert into encargado (id_encargado, id_sucursal, nombre, apellido_paterno, apellido_materno, fecha_nacimiento, direccion, curp, salario) values ('E18', 4, 'Crystie', 'Ziemke', 'Matz', '2007-05-04', '55051 Division Parkway', 'ZDTU559401YGSKUL83', 11928);
insert into encargado (id_encargado, id_sucursal, nombre, apellido_paterno, apellido_materno, fecha_nacimiento, direccion, curp, salario) values ('E19', 5, 'Jerrilyn', 'Lubman', 'Klich', '2015-07-01', '433 Linden Drive', 'AWGP791428GQYMFZ17', 12335);
insert into encargado (id_encargado, id_sucursal, nombre, apellido_paterno, apellido_materno, fecha_nacimiento, direccion, curp, salario) values ('E20', 6, 'Crystie', 'Rutherford', 'Blunsen', '2015-04-27', '7 Valley Edge Drive', 'RNXU114334OJLWQQ48', 9361);
insert into encargado (id_encargado, id_sucursal, nombre, apellido_paterno, apellido_materno, fecha_nacimiento, direccion, curp, salario) values ('E21', 7, 'Kellie', 'Upshall', 'Rushforth', '2016-09-17', '69176 Mandrake Hill', 'HSYO201538CCRJSI64', 12686);
insert into encargado (id_encargado, id_sucursal, nombre, apellido_paterno, apellido_materno, fecha_nacimiento, direccion, curp, salario) values ('E22', 8, 'Ulrika', 'Hallgath', 'Scurr', '2007-08-06', '19290 Gale Place', 'ZJUD514612SYIULF01', 19028);
insert into encargado (id_encargado, id_sucursal, nombre, apellido_paterno, apellido_materno, fecha_nacimiento, direccion, curp, salario) values ('E23', 9, 'Jennee', 'Hadgkiss', 'Henri', '2005-03-25', '6456 Fallview Pass', 'SXTJ277622GOFBEA77', 16889);
insert into encargado (id_encargado, id_sucursal, nombre, apellido_paterno, apellido_materno, fecha_nacimiento, direccion, curp, salario) values ('E24', 10, 'Khalil', 'Cale', 'Stalley', '2014-03-08', '33 Montana Drive', 'EPSJ777219SLJYBD74', 17586);
insert into encargado (id_encargado, id_sucursal, nombre, apellido_paterno, apellido_materno, fecha_nacimiento, direccion, curp, salario) values ('E25', 11, 'Boote', 'Royden', 'Hassard', '2018-05-05', '07 Saint Paul Avenue', 'MMTC969015EXNMHK73', 16548);
insert into encargado (id_encargado, id_sucursal, nombre, apellido_paterno, apellido_materno, fecha_nacimiento, direccion, curp, salario) values ('E26', 12, 'Clovis', 'Arrol', 'Mulvagh', '2006-02-05', '4755 Milwaukee Pass', 'ATMD833982WGXLLN90', 17574);
insert into encargado (id_encargado, id_sucursal, nombre, apellido_paterno, apellido_materno, fecha_nacimiento, direccion, curp, salario) values ('E27', 13, 'Bartram', 'Pugsley', 'Galia', '2007-01-13', '13 John Wall Court', 'ONKO182997HVZVDH43', 18010);
insert into encargado (id_encargado, id_sucursal, nombre, apellido_paterno, apellido_materno, fecha_nacimiento, direccion, curp, salario) values ('E28', 14, 'Demetria', 'Poacher', 'Donaho', '2011-04-21', '2259 Birchwood Parkway', 'PGJG404795BRQKMA30', 16548);
insert into encargado (id_encargado, id_sucursal, nombre, apellido_paterno, apellido_materno, fecha_nacimiento, direccion, curp, salario) values ('E29', 15, 'Warren', 'Giamitti', 'Bramhall', '2022-10-27', '98154 Caliangt Pass', 'JIFP524858LCMEWY95', 19456);
insert into encargado (id_encargado, id_sucursal, nombre, apellido_paterno, apellido_materno, fecha_nacimiento, direccion, curp, salario) values ('E30', 1, 'Cole', 'Goodnow', 'Sture', '2022-01-21', '07 Northridge Drive', 'LQSF656040XZLVRR17', 18130);
insert into encargado (id_encargado, id_sucursal, nombre, apellido_paterno, apellido_materno, fecha_nacimiento, direccion, curp, salario) values ('E31', 2, 'Brendan', 'Clother', 'Keyson', '2019-10-02', '8263 Village Green Center', 'GQZD342065RNXGPJ57', 15378);
insert into encargado (id_encargado, id_sucursal, nombre, apellido_paterno, apellido_materno, fecha_nacimiento, direccion, curp, salario) values ('E32', 3, 'Agnella', 'Tilly', 'Langstrath', '2018-09-20', '133 Bultman Drive', 'QBOS402020PKOVXW43', 16346);
insert into encargado (id_encargado, id_sucursal, nombre, apellido_paterno, apellido_materno, fecha_nacimiento, direccion, curp, salario) values ('E33', 4, 'Linnet', 'MacAnespie', 'Higounet', '2007-04-19', '7515 Morningstar Junction', 'HRYN540493XRFIMG86', 18229);
insert into encargado (id_encargado, id_sucursal, nombre, apellido_paterno, apellido_materno, fecha_nacimiento, direccion, curp, salario) values ('E34', 5, 'Alvina', 'Russ', 'Baume', '2015-06-12', '985 Doe Crossing Circle', 'FSWE317003CKXBVA29', 9874);
insert into encargado (id_encargado, id_sucursal, nombre, apellido_paterno, apellido_materno, fecha_nacimiento, direccion, curp, salario) values ('E35', 6, 'Ruthe', 'Rulten', 'Sloam', '2018-09-01', '8 Glacier Hill Parkway', 'KBFO934996LMASVT74', 11780);
insert into encargado (id_encargado, id_sucursal, nombre, apellido_paterno, apellido_materno, fecha_nacimiento, direccion, curp, salario) values ('E36', 7, 'Briant', 'Ferns', 'Murrthum', '2005-02-28', '18 Monica Drive', 'SYNZ719865HJQRDH91', 12020);
insert into encargado (id_encargado, id_sucursal, nombre, apellido_paterno, apellido_materno, fecha_nacimiento, direccion, curp, salario) values ('E37', 8, 'Zollie', 'Loachhead', 'Witty', '2016-12-24', '26644 Westridge Circle', 'CBMZ063732IQCSAJ02', 17694);
insert into encargado (id_encargado, id_sucursal, nombre, apellido_paterno, apellido_materno, fecha_nacimiento, direccion, curp, salario) values ('E38', 9, 'Lotty', 'Rudolfer', 'Cuchey', '2020-03-22', '03 Porter Way', 'CIAN295843GFKYVI32', 10608);
insert into encargado (id_encargado, id_sucursal, nombre, apellido_paterno, apellido_materno, fecha_nacimiento, direccion, curp, salario) values ('E39', 10, 'Evyn', 'Wong', 'Alpe', '2019-01-24', '3 Pepper Wood Terrace', 'VPGU827299AVNYDY15', 13961);
insert into encargado (id_encargado, id_sucursal, nombre, apellido_paterno, apellido_materno, fecha_nacimiento, direccion, curp, salario) values ('E40', 11, 'Errick', 'Thireau', 'Riches', '2019-06-18', '339 Northwestern Alley', 'WKMY201021GSGPRS63', 11919);
insert into encargado (id_encargado, id_sucursal, nombre, apellido_paterno, apellido_materno, fecha_nacimiento, direccion, curp, salario) values ('E41', 12, 'Marrilee', 'Dust', 'Domelow', '2004-07-05', '19308 Lotheville Alley', 'WOAE864851QCWBIX79', 16685);
insert into encargado (id_encargado, id_sucursal, nombre, apellido_paterno, apellido_materno, fecha_nacimiento, direccion, curp, salario) values ('E42', 13, 'Merle', 'Coatman', 'Uccello', '2021-11-30', '96 Butterfield Hill', 'OZLG109343GVOLEZ46', 10529);
insert into encargado (id_encargado, id_sucursal, nombre, apellido_paterno, apellido_materno, fecha_nacimiento, direccion, curp, salario) values ('E43', 14, 'Lorenzo', 'Garrold', 'Paullin', '2004-04-06', '9 Sachs Crossing', 'KCGR100267PDCZSQ01', 19473);
insert into encargado (id_encargado, id_sucursal, nombre, apellido_paterno, apellido_materno, fecha_nacimiento, direccion, curp, salario) values ('E44', 15, 'Roseann', 'Carletto', 'Binyon', '2005-12-16', '55661 Vahlen Pass', 'ULWR400577KHJWFH62', 10766);
insert into encargado (id_encargado, id_sucursal, nombre, apellido_paterno, apellido_materno, fecha_nacimiento, direccion, curp, salario) values ('E45', 1, 'Mattias', 'Owtram', 'Greatex', '2012-06-05', '2826 Roxbury Pass', 'XUQS703833EJAQKK79', 14920);
insert into encargado (id_encargado, id_sucursal, nombre, apellido_paterno, apellido_materno, fecha_nacimiento, direccion, curp, salario) values ('E46', 2, 'Al', 'Grunbaum', 'Loughney', '2019-01-18', '7025 Hoard Center', 'EBWO254970GKKOXQ80', 14747);
insert into encargado (id_encargado, id_sucursal, nombre, apellido_paterno, apellido_materno, fecha_nacimiento, direccion, curp, salario) values ('E47', 3, 'Dionisio', 'Ancliffe', 'Splain', '2012-11-13', '17 Dixon Park', 'GIGI612927CZOHCW37', 8446);
insert into encargado (id_encargado, id_sucursal, nombre, apellido_paterno, apellido_materno, fecha_nacimiento, direccion, curp, salario) values ('E48', 4, 'Moses', 'Terrell', 'Holyard', '2021-09-23', '9 Stang Circle', 'CBOI745162AFGTCQ46', 9676);
insert into encargado (id_encargado, id_sucursal, nombre, apellido_paterno, apellido_materno, fecha_nacimiento, direccion, curp, salario) values ('E49', 5, 'Kathryne', 'Conahy', 'McGowing', '2016-05-19', '2076 Nevada Road', 'KNCJ863888OHNKPX20', 15470);
insert into encargado (id_encargado, id_sucursal, nombre, apellido_paterno, apellido_materno, fecha_nacimiento, direccion, curp, salario) values ('E50', 6, 'Randall', 'Wernham', 'Charlon', '2007-03-05', '48296 Waywood Point', 'CZHU268020YGQUSG15', 11349);
insert into encargado (id_encargado, id_sucursal, nombre, apellido_paterno, apellido_materno, fecha_nacimiento, direccion, curp, salario) values ('E51', 7, 'Elwood', 'Crosscombe', 'Watkin', '2006-01-11', '8 Ryan Pass', 'KXYU571554FWMWKJ50', 16519);
insert into encargado (id_encargado, id_sucursal, nombre, apellido_paterno, apellido_materno, fecha_nacimiento, direccion, curp, salario) values ('E52', 8, 'Rosabella', 'Ebbitt', 'Stanier', '2015-09-05', '73933 Goodland Crossing', 'ZREM643042DGYIFC44', 12663);
insert into encargado (id_encargado, id_sucursal, nombre, apellido_paterno, apellido_materno, fecha_nacimiento, direccion, curp, salario) values ('E53', 9, 'Tarrance', 'Burghill', 'Williment', '2013-10-27', '7 Garrison Street', 'ZBFI721921CVQAES86', 19948);
insert into encargado (id_encargado, id_sucursal, nombre, apellido_paterno, apellido_materno, fecha_nacimiento, direccion, curp, salario) values ('E54', 10, 'Verney', 'Ladel', 'Emeney', '2011-05-16', '24 Macpherson Hill', 'HGXC199396OGLHFW50', 14673);
insert into encargado (id_encargado, id_sucursal, nombre, apellido_paterno, apellido_materno, fecha_nacimiento, direccion, curp, salario) values ('E55', 11, 'Ashla', 'Petry', 'Guiducci', '2015-04-28', '81619 Fuller Court', 'FWMO493671ASISNV66', 10464);
insert into encargado (id_encargado, id_sucursal, nombre, apellido_paterno, apellido_materno, fecha_nacimiento, direccion, curp, salario) values ('E56', 12, 'Steward', 'Munnion', 'Gelsthorpe', '2020-10-01', '3804 East Point', 'LOOE463182FCFQVZ63', 14677);
insert into encargado (id_encargado, id_sucursal, nombre, apellido_paterno, apellido_materno, fecha_nacimiento, direccion, curp, salario) values ('E57', 13, 'Ciro', 'Portugal', 'Shelford', '2022-07-04', '44 Shoshone Junction', 'WNQW105590KTPACQ07', 8870);
insert into encargado (id_encargado, id_sucursal, nombre, apellido_paterno, apellido_materno, fecha_nacimiento, direccion, curp, salario) values ('E58', 14, 'Granthem', 'York', 'Casaccia', '2007-03-31', '1813 Upham Drive', 'KLRO396530HSKELQ70', 17860);
insert into encargado (id_encargado, id_sucursal, nombre, apellido_paterno, apellido_materno, fecha_nacimiento, direccion, curp, salario) values ('E59', 15, 'Yuri', 'Barkaway', 'Pulver', '2006-11-13', '0740 Fulton Junction', 'FWOX979055YJSNUO04', 12036);
insert into encargado (id_encargado, id_sucursal, nombre, apellido_paterno, apellido_materno, fecha_nacimiento, direccion, curp, salario) values ('E60', 1, 'Ilene', 'Scardafield', 'Dullingham', '2005-02-23', '3 Bellgrove Pass', 'ICFE959709VCOIYT72', 15741);
insert into encargado (id_encargado, id_sucursal, nombre, apellido_paterno, apellido_materno, fecha_nacimiento, direccion, curp, salario) values ('E61', 2, 'Dorie', 'Van der Baaren', 'Janic', '2018-01-07', '55616 South Lane', 'ANIO194888SBABXU91', 16044);
insert into encargado (id_encargado, id_sucursal, nombre, apellido_paterno, apellido_materno, fecha_nacimiento, direccion, curp, salario) values ('E62', 3, 'Rhodie', 'Domleo', 'Kienle', '2008-09-03', '99601 Oneill Court', 'IWUB500104YDAQVZ19', 11146);
insert into encargado (id_encargado, id_sucursal, nombre, apellido_paterno, apellido_materno, fecha_nacimiento, direccion, curp, salario) values ('E63', 4, 'Jdavie', 'Wicklin', 'Grigorescu', '2013-10-22', '60 Bay Avenue', 'ETUK546158AVKTSC33', 8429);
insert into encargado (id_encargado, id_sucursal, nombre, apellido_paterno, apellido_materno, fecha_nacimiento, direccion, curp, salario) values ('E64', 5, 'Sheryl', 'Voysey', 'Hablot', '2015-11-14', '34154 Golden Leaf Terrace', 'KFND925206HEJAUU63', 18872);
insert into encargado (id_encargado, id_sucursal, nombre, apellido_paterno, apellido_materno, fecha_nacimiento, direccion, curp, salario) values ('E65', 6, 'Benedikt', 'Byass', 'Cloney', '2012-01-21', '5 Eagle Crest Plaza', 'LJZZ992252OVMWAZ93', 15195);
insert into encargado (id_encargado, id_sucursal, nombre, apellido_paterno, apellido_materno, fecha_nacimiento, direccion, curp, salario) values ('E66', 7, 'Andi', 'Beebis', 'Bettridge', '2022-08-12', '89305 Nobel Court', 'TNJS808869CFUGBZ43', 13982);
insert into encargado (id_encargado, id_sucursal, nombre, apellido_paterno, apellido_materno, fecha_nacimiento, direccion, curp, salario) values ('E67', 8, 'Rainer', 'Crayk', 'Gravey', '2016-06-05', '036 Warrior Crossing', 'KMON579899IFRCSF72', 13388);
insert into encargado (id_encargado, id_sucursal, nombre, apellido_paterno, apellido_materno, fecha_nacimiento, direccion, curp, salario) values ('E68', 9, 'Loria', 'Boulding', 'Dewan', '2018-04-15', '706 Cody Hill', 'PQAC838984DJTGFB64', 19877);
insert into encargado (id_encargado, id_sucursal, nombre, apellido_paterno, apellido_materno, fecha_nacimiento, direccion, curp, salario) values ('E69', 10, 'Madonna', 'Card', 'Hilbourne', '2019-10-21', '7144 Memorial Circle', 'BDXK623469QOWHRQ88', 10570);
insert into encargado (id_encargado, id_sucursal, nombre, apellido_paterno, apellido_materno, fecha_nacimiento, direccion, curp, salario) values ('E70', 11, 'Cly', 'Mc Cahey', 'Greenleaf', '2004-02-06', '34 Mccormick Trail', 'YMVI360028ZAULYQ20', 17457);
insert into encargado (id_encargado, id_sucursal, nombre, apellido_paterno, apellido_materno, fecha_nacimiento, direccion, curp, salario) values ('E71', 12, 'Flem', 'D''Alesco', 'Kerne', '2020-09-22', '48 Thierer Road', 'ACYC420210GEXUOH96', 17843);
insert into encargado (id_encargado, id_sucursal, nombre, apellido_paterno, apellido_materno, fecha_nacimiento, direccion, curp, salario) values ('E72', 13, 'Griz', 'Demetr', 'Lafrentz', '2018-03-06', '15791 Mayer Trail', 'LOPW628872QOZBTS82', 10513);
insert into encargado (id_encargado, id_sucursal, nombre, apellido_paterno, apellido_materno, fecha_nacimiento, direccion, curp, salario) values ('E73', 14, 'Romy', 'Webley', 'FitzGilbert', '2009-10-20', '6321 Ryan Junction', 'NNLT704732UFEGOL08', 17758);
insert into encargado (id_encargado, id_sucursal, nombre, apellido_paterno, apellido_materno, fecha_nacimiento, direccion, curp, salario) values ('E74', 15, 'Fawnia', 'Whetland', 'Elloit', '2007-07-16', '9859 Miller Alley', 'TVCW757951CACRVN86', 17335);
insert into encargado (id_encargado, id_sucursal, nombre, apellido_paterno, apellido_materno, fecha_nacimiento, direccion, curp, salario) values ('E75', 1, 'Deva', 'Jossum', 'Norris', '2017-02-06', '8845 Ridgeview Street', 'TYWW793198QSUBLY30', 14386);
insert into encargado (id_encargado, id_sucursal, nombre, apellido_paterno, apellido_materno, fecha_nacimiento, direccion, curp, salario) values ('E76', 2, 'Lissy', 'Shiels', 'Canceller', '2014-05-16', '41 Bellgrove Hill', 'ZHCR121724JANVEY10', 18638);
insert into encargado (id_encargado, id_sucursal, nombre, apellido_paterno, apellido_materno, fecha_nacimiento, direccion, curp, salario) values ('E77', 3, 'Hermy', 'Polo', 'Winchurch', '2022-06-02', '77225 4th Point', 'ZGVH552336XUZFPJ10', 11620);
insert into encargado (id_encargado, id_sucursal, nombre, apellido_paterno, apellido_materno, fecha_nacimiento, direccion, curp, salario) values ('E78', 4, 'Shanan', 'Brunsen', 'Carlin', '2010-08-30', '5342 Farwell Drive', 'QTYT527725HTTJEN94', 8447);
insert into encargado (id_encargado, id_sucursal, nombre, apellido_paterno, apellido_materno, fecha_nacimiento, direccion, curp, salario) values ('E79', 5, 'Traver', 'Dingle', 'Rivitt', '2021-07-06', '21896 Ludington Avenue', 'LHKV732971XATQWA02', 10113);
insert into encargado (id_encargado, id_sucursal, nombre, apellido_paterno, apellido_materno, fecha_nacimiento, direccion, curp, salario) values ('E80', 6, 'Pacorro', 'Quipp', 'Barrett', '2012-05-03', '238 Pleasure Crossing', 'LDMS825647WNJKON35', 11475);
insert into encargado (id_encargado, id_sucursal, nombre, apellido_paterno, apellido_materno, fecha_nacimiento, direccion, curp, salario) values ('E81', 7, 'Jerrold', 'Norcutt', 'Petris', '2019-10-18', '57620 Bultman Court', 'WDTX284613KPLJRL04', 15870);
insert into encargado (id_encargado, id_sucursal, nombre, apellido_paterno, apellido_materno, fecha_nacimiento, direccion, curp, salario) values ('E82', 8, 'Tadio', 'Belderfield', 'Roberto', '2017-11-22', '89875 Shelley Court', 'MBXW427459DELLGP95', 8194);
insert into encargado (id_encargado, id_sucursal, nombre, apellido_paterno, apellido_materno, fecha_nacimiento, direccion, curp, salario) values ('E83', 9, 'Byram', 'Gratrex', 'Brokenshaw', '2021-06-28', '45577 Pennsylvania Trail', 'UZMQ771872UYMENY65', 10483);
insert into encargado (id_encargado, id_sucursal, nombre, apellido_paterno, apellido_materno, fecha_nacimiento, direccion, curp, salario) values ('E84', 10, 'Marcelo', 'Iuorio', 'Barkley', '2007-12-01', '86517 Eggendart Circle', 'RBWE700299FPYFFI77', 19947);
insert into encargado (id_encargado, id_sucursal, nombre, apellido_paterno, apellido_materno, fecha_nacimiento, direccion, curp, salario) values ('E85', 11, 'Tiebout', 'Poser', 'Kegg', '2022-03-29', '8 Fallview Alley', 'AOJD762999PMKVHP78', 13374);
insert into encargado (id_encargado, id_sucursal, nombre, apellido_paterno, apellido_materno, fecha_nacimiento, direccion, curp, salario) values ('E86', 12, 'Celisse', 'Olenin', 'Silly', '2018-02-16', '4501 Welch Street', 'RCFY904846GTZSPJ24', 8638);
insert into encargado (id_encargado, id_sucursal, nombre, apellido_paterno, apellido_materno, fecha_nacimiento, direccion, curp, salario) values ('E87', 13, 'Muhammad', 'Tregona', 'Stennes', '2007-02-12', '15465 Brentwood Drive', 'KQSG266980TSQMCG52', 18766);
insert into encargado (id_encargado, id_sucursal, nombre, apellido_paterno, apellido_materno, fecha_nacimiento, direccion, curp, salario) values ('E88', 14, 'Angil', 'Larroway', 'Willgrass', '2007-07-15', '90317 Kennedy Pass', 'FOXV667687RVDOAF29', 10648);
insert into encargado (id_encargado, id_sucursal, nombre, apellido_paterno, apellido_materno, fecha_nacimiento, direccion, curp, salario) values ('E89', 15, 'Mitchell', 'Waddoups', 'Warrell', '2014-05-05', '92 Laurel Trail', 'TZMX304221YFITCY36', 8204);
insert into encargado (id_encargado, id_sucursal, nombre, apellido_paterno, apellido_materno, fecha_nacimiento, direccion, curp, salario) values ('E90', 1, 'Libbi', 'Magenny', 'Angrave', '2010-08-25', '1 Starling Trail', 'KZUB270109FUHXNK09', 9165);
insert into encargado (id_encargado, id_sucursal, nombre, apellido_paterno, apellido_materno, fecha_nacimiento, direccion, curp, salario) values ('E91', 2, 'Felipa', 'Sygroves', 'Knewstub', '2017-03-21', '1 Milwaukee Road', 'VYNE424769CJAWKQ01', 16129);
insert into encargado (id_encargado, id_sucursal, nombre, apellido_paterno, apellido_materno, fecha_nacimiento, direccion, curp, salario) values ('E92', 3, 'Yalonda', 'Hallihan', 'Sparwell', '2010-01-27', '12 Fieldstone Pass', 'IACY708236KETNIF67', 10370);
insert into encargado (id_encargado, id_sucursal, nombre, apellido_paterno, apellido_materno, fecha_nacimiento, direccion, curp, salario) values ('E93', 4, 'Tomaso', 'Crampsy', 'Rumsby', '2016-03-04', '317 Dwight Court', 'ESQX843996JTZEXP67', 18279);
insert into encargado (id_encargado, id_sucursal, nombre, apellido_paterno, apellido_materno, fecha_nacimiento, direccion, curp, salario) values ('E94', 5, 'Andrei', 'Shallcross', 'Skinn', '2005-03-07', '4292 Maple Drive', 'DBSG822214ECUFKM20', 17950);
insert into encargado (id_encargado, id_sucursal, nombre, apellido_paterno, apellido_materno, fecha_nacimiento, direccion, curp, salario) values ('E95', 6, 'Dru', 'Bushe', 'Faccini', '2005-05-02', '6 Carpenter Hill', 'KHXJ776404CLFREZ28', 12604);
insert into encargado (id_encargado, id_sucursal, nombre, apellido_paterno, apellido_materno, fecha_nacimiento, direccion, curp, salario) values ('E96', 7, 'Paquito', 'Merigon', 'Pedro', '2010-03-07', '35 Shoshone Trail', 'UDTM693228HCLMGJ63', 9237);
insert into encargado (id_encargado, id_sucursal, nombre, apellido_paterno, apellido_materno, fecha_nacimiento, direccion, curp, salario) values ('E97', 8, 'Elaine', 'Stannislawski', 'Petranek', '2019-07-22', '4 Crowley Parkway', 'OOZI544372HGNNFN99', 17154);
insert into encargado (id_encargado, id_sucursal, nombre, apellido_paterno, apellido_materno, fecha_nacimiento, direccion, curp, salario) values ('E98', 9, 'Katharine', 'Yglesia', 'Rowler', '2014-02-09', '0 Kennedy Court', 'OHTX328587CAQNUA57', 12934);
insert into encargado (id_encargado, id_sucursal, nombre, apellido_paterno, apellido_materno, fecha_nacimiento, direccion, curp, salario) values ('E99', 10, 'Sheena', 'Grevile', 'Macauley', '2011-06-08', '1670 Browning Trail', 'FEWE166327HLUBDF70', 19560);
insert into encargado (id_encargado, id_sucursal, nombre, apellido_paterno, apellido_materno, fecha_nacimiento, direccion, curp, salario) values ('E100', 11, 'Trevar', 'L''Archer', 'Hakes', '2005-01-03', '420 Sherman Road', 'NIOQ812038LJBAOO17', 11721);
insert into tel_encargado (id_encargado, tel_enc) values ('E1', '1945988770');
insert into tel_encargado (id_encargado, tel_enc) values ('E2', '0256347719');
insert into tel_encargado (id_encargado, tel_enc) values ('E3', '4128986135');
insert into tel_encargado (id_encargado, tel_enc) values ('E4', '3321560011');
insert into tel_encargado (id_encargado, tel_enc) values ('E5', '2312639807');
insert into tel_encargado (id_encargado, tel_enc) values ('E6', '2800643021');
insert into tel_encargado (id_encargado, tel_enc) values ('E7', '9199429950');
insert into tel_encargado (id_encargado, tel_enc) values ('E8', '6637363251');
insert into tel_encargado (id_encargado, tel_enc) values ('E9', '1188852043');
insert into tel_encargado (id_encargado, tel_enc) values ('E10', '9103345599');
insert into tel_encargado (id_encargado, tel_enc) values ('E11', '8730717051');
insert into tel_encargado (id_encargado, tel_enc) values ('E12', '5542501982');
insert into tel_encargado (id_encargado, tel_enc) values ('E13', '7973758313');
insert into tel_encargado (id_encargado, tel_enc) values ('E14', '1949175677');
insert into tel_encargado (id_encargado, tel_enc) values ('E15', '8288936342');
insert into tel_encargado (id_encargado, tel_enc) values ('E16', '5008835823');
insert into tel_encargado (id_encargado, tel_enc) values ('E17', '4734402965');
insert into tel_encargado (id_encargado, tel_enc) values ('E18', '0517315793');
insert into tel_encargado (id_encargado, tel_enc) values ('E19', '3736421346');
insert into tel_encargado (id_encargado, tel_enc) values ('E20', '1709671408');
insert into tel_encargado (id_encargado, tel_enc) values ('E21', '9194353204');
insert into tel_encargado (id_encargado, tel_enc) values ('E22', '6399343682');
insert into tel_encargado (id_encargado, tel_enc) values ('E23', '3129738010');
insert into tel_encargado (id_encargado, tel_enc) values ('E24', '3144740276');
insert into tel_encargado (id_encargado, tel_enc) values ('E25', '3464844978');
insert into tel_encargado (id_encargado, tel_enc) values ('E26', '9379254164');
insert into tel_encargado (id_encargado, tel_enc) values ('E27', '1317298225');
insert into tel_encargado (id_encargado, tel_enc) values ('E28', '6977698292');
insert into tel_encargado (id_encargado, tel_enc) values ('E29', '7219665857');
insert into tel_encargado (id_encargado, tel_enc) values ('E30', '5336597570');
insert into tel_encargado (id_encargado, tel_enc) values ('E31', '8431219939');
insert into tel_encargado (id_encargado, tel_enc) values ('E32', '0366515853');
insert into tel_encargado (id_encargado, tel_enc) values ('E33', '2860508937');
insert into tel_encargado (id_encargado, tel_enc) values ('E34', '8527540371');
insert into tel_encargado (id_encargado, tel_enc) values ('E35', '1189848295');
insert into tel_encargado (id_encargado, tel_enc) values ('E36', '6938020086');
insert into tel_encargado (id_encargado, tel_enc) values ('E37', '5468314606');
insert into tel_encargado (id_encargado, tel_enc) values ('E38', '1554625548');
insert into tel_encargado (id_encargado, tel_enc) values ('E39', '4428400454');
insert into tel_encargado (id_encargado, tel_enc) values ('E40', '2413608605');
insert into tel_encargado (id_encargado, tel_enc) values ('E41', '5103794837');
insert into tel_encargado (id_encargado, tel_enc) values ('E42', '6250338721');
insert into tel_encargado (id_encargado, tel_enc) values ('E43', '4312536295');
insert into tel_encargado (id_encargado, tel_enc) values ('E44', '6023653804');
insert into tel_encargado (id_encargado, tel_enc) values ('E45', '6414883050');
insert into tel_encargado (id_encargado, tel_enc) values ('E46', '8482366084');
insert into tel_encargado (id_encargado, tel_enc) values ('E47', '8058244953');
insert into tel_encargado (id_encargado, tel_enc) values ('E48', '3468887019');
insert into tel_encargado (id_encargado, tel_enc) values ('E49', '2090266910');
insert into tel_encargado (id_encargado, tel_enc) values ('E50', '0422341010');
insert into tel_encargado (id_encargado, tel_enc) values ('E51', '9676602280');
insert into tel_encargado (id_encargado, tel_enc) values ('E52', '5269459078');
insert into tel_encargado (id_encargado, tel_enc) values ('E53', '6503543247');
insert into tel_encargado (id_encargado, tel_enc) values ('E54', '3538153663');
insert into tel_encargado (id_encargado, tel_enc) values ('E55', '4404966210');
insert into tel_encargado (id_encargado, tel_enc) values ('E56', '4279405174');
insert into tel_encargado (id_encargado, tel_enc) values ('E57', '2415652695');
insert into tel_encargado (id_encargado, tel_enc) values ('E58', '0278848125');
insert into tel_encargado (id_encargado, tel_enc) values ('E59', '8192581314');
insert into tel_encargado (id_encargado, tel_enc) values ('E60', '2747604837');
insert into tel_encargado (id_encargado, tel_enc) values ('E61', '0307268667');
insert into tel_encargado (id_encargado, tel_enc) values ('E62', '3231284694');
insert into tel_encargado (id_encargado, tel_enc) values ('E63', '1502665263');
insert into tel_encargado (id_encargado, tel_enc) values ('E64', '0233358854');
insert into tel_encargado (id_encargado, tel_enc) values ('E65', '8498978769');
insert into tel_encargado (id_encargado, tel_enc) values ('E66', '0676154069');
insert into tel_encargado (id_encargado, tel_enc) values ('E67', '4604707189');
insert into tel_encargado (id_encargado, tel_enc) values ('E68', '1652332006');
insert into tel_encargado (id_encargado, tel_enc) values ('E69', '8453943435');
insert into tel_encargado (id_encargado, tel_enc) values ('E70', '2893218253');
insert into tel_encargado (id_encargado, tel_enc) values ('E71', '5249091334');
insert into tel_encargado (id_encargado, tel_enc) values ('E72', '2149443627');
insert into tel_encargado (id_encargado, tel_enc) values ('E73', '5850103414');
insert into tel_encargado (id_encargado, tel_enc) values ('E74', '7224675083');
insert into tel_encargado (id_encargado, tel_enc) values ('E75', '8331656830');
insert into tel_encargado (id_encargado, tel_enc) values ('E76', '8976435664');
insert into tel_encargado (id_encargado, tel_enc) values ('E77', '2223404715');
insert into tel_encargado (id_encargado, tel_enc) values ('E78', '2545703516');
insert into tel_encargado (id_encargado, tel_enc) values ('E79', '3114145450');
insert into tel_encargado (id_encargado, tel_enc) values ('E80', '6328771517');
insert into tel_encargado (id_encargado, tel_enc) values ('E81', '6168370722');
insert into tel_encargado (id_encargado, tel_enc) values ('E82', '7501014779');
insert into tel_encargado (id_encargado, tel_enc) values ('E83', '9825623993');
insert into tel_encargado (id_encargado, tel_enc) values ('E84', '4954783437');
insert into tel_encargado (id_encargado, tel_enc) values ('E85', '2569426822');
insert into tel_encargado (id_encargado, tel_enc) values ('E86', '5264654174');
insert into tel_encargado (id_encargado, tel_enc) values ('E87', '4878108258');
insert into tel_encargado (id_encargado, tel_enc) values ('E88', '8014650581');
insert into tel_encargado (id_encargado, tel_enc) values ('E89', '5822948243');
insert into tel_encargado (id_encargado, tel_enc) values ('E90', '8805627623');
insert into tel_encargado (id_encargado, tel_enc) values ('E91', '1139509659');
insert into tel_encargado (id_encargado, tel_enc) values ('E92', '9723598965');
insert into tel_encargado (id_encargado, tel_enc) values ('E93', '8799636581');
insert into tel_encargado (id_encargado, tel_enc) values ('E94', '8591733533');
insert into tel_encargado (id_encargado, tel_enc) values ('E95', '9511485628');
insert into tel_encargado (id_encargado, tel_enc) values ('E96', '5707573720');
insert into tel_encargado (id_encargado, tel_enc) values ('E97', '2720497169');
insert into tel_encargado (id_encargado, tel_enc) values ('E98', '1507809808');
insert into tel_encargado (id_encargado, tel_enc) values ('E99', '4476000983');
insert into tel_encargado (id_encargado, tel_enc) values ('E100', '7445065881');
insert into correo_encargado (id_encargado, correo_enc) values ('E1', 'kstanislaw0@ustream.tv');
insert into correo_encargado (id_encargado, correo_enc) values ('E2', 'kmckeran1@nhs.uk');
insert into correo_encargado (id_encargado, correo_enc) values ('E3', 'cstango2@csmonitor.com');
insert into correo_encargado (id_encargado, correo_enc) values ('E4', 'lelion3@google.ru');
insert into correo_encargado (id_encargado, correo_enc) values ('E5', 'tharwin4@washington.edu');
insert into correo_encargado (id_encargado, correo_enc) values ('E6', 'ariggeard5@xing.com');
insert into correo_encargado (id_encargado, correo_enc) values ('E7', 'agittus6@hugedomains.com');
insert into correo_encargado (id_encargado, correo_enc) values ('E8', 'hpawelec7@example.com');
insert into correo_encargado (id_encargado, correo_enc) values ('E9', 'ldana8@vimeo.com');
insert into correo_encargado (id_encargado, correo_enc) values ('E10', 'lbutlerbowdon9@ustream.tv');
insert into correo_encargado (id_encargado, correo_enc) values ('E11', 'rprettyjohna@vk.com');
insert into correo_encargado (id_encargado, correo_enc) values ('E12', 'clathamb@yahoo.com');
insert into correo_encargado (id_encargado, correo_enc) values ('E13', 'dalessandrinic@tinyurl.com');
insert into correo_encargado (id_encargado, correo_enc) values ('E14', 'krolingsond@pen.io');
insert into correo_encargado (id_encargado, correo_enc) values ('E15', 'scutforthe@webs.com');
insert into correo_encargado (id_encargado, correo_enc) values ('E16', 'tashleef@blinklist.com');
insert into correo_encargado (id_encargado, correo_enc) values ('E17', 'ljaimezg@amazon.co.uk');
insert into correo_encargado (id_encargado, correo_enc) values ('E18', 'lleaderh@gnu.org');
insert into correo_encargado (id_encargado, correo_enc) values ('E19', 'sgillorani@bloomberg.com');
insert into correo_encargado (id_encargado, correo_enc) values ('E20', 'fcalleyj@cdbaby.com');
insert into correo_encargado (id_encargado, correo_enc) values ('E21', 'hdaniauk@nhs.uk');
insert into correo_encargado (id_encargado, correo_enc) values ('E22', 'ipenrittl@last.fm');
insert into correo_encargado (id_encargado, correo_enc) values ('E23', 'jplowsm@state.gov');
insert into correo_encargado (id_encargado, correo_enc) values ('E24', 'kwardingleyn@tamu.edu');
insert into correo_encargado (id_encargado, correo_enc) values ('E25', 'ktuxillo@wired.com');
insert into correo_encargado (id_encargado, correo_enc) values ('E26', 'bbloomp@nature.com');
insert into correo_encargado (id_encargado, correo_enc) values ('E27', 'cchantq@cornell.edu');
insert into correo_encargado (id_encargado, correo_enc) values ('E28', 'bbuddellr@berkeley.edu');
insert into correo_encargado (id_encargado, correo_enc) values ('E29', 'chenrics@ed.gov');
insert into correo_encargado (id_encargado, correo_enc) values ('E30', 'nwallerbridget@wix.com');
insert into correo_encargado (id_encargado, correo_enc) values ('E31', 'clanmeidu@ning.com');
insert into correo_encargado (id_encargado, correo_enc) values ('E32', 'ijessepv@bing.com');
insert into correo_encargado (id_encargado, correo_enc) values ('E33', 'rantoonsw@bloglovin.com');
insert into correo_encargado (id_encargado, correo_enc) values ('E34', 'ccallawayx@discuz.net');
insert into correo_encargado (id_encargado, correo_enc) values ('E35', 'bbradtkey@cnet.com');
insert into correo_encargado (id_encargado, correo_enc) values ('E36', 'rcuckooz@kickstarter.com');
insert into correo_encargado (id_encargado, correo_enc) values ('E37', 'cdelph10@hugedomains.com');
insert into correo_encargado (id_encargado, correo_enc) values ('E38', 'wgouinlock11@parallels.com');
insert into correo_encargado (id_encargado, correo_enc) values ('E39', 'bdrury12@themeforest.net');
insert into correo_encargado (id_encargado, correo_enc) values ('E40', 'nbryce13@xing.com');
insert into correo_encargado (id_encargado, correo_enc) values ('E41', 'vivakhnov14@youku.com');
insert into correo_encargado (id_encargado, correo_enc) values ('E42', 'rwernham15@ed.gov');
insert into correo_encargado (id_encargado, correo_enc) values ('E43', 'nlarmour16@prnewswire.com');
insert into correo_encargado (id_encargado, correo_enc) values ('E44', 'bmarl17@unicef.org');
insert into correo_encargado (id_encargado, correo_enc) values ('E45', 'grobberecht18@redcross.org');
insert into correo_encargado (id_encargado, correo_enc) values ('E46', 'achippin19@businessweek.com');
insert into correo_encargado (id_encargado, correo_enc) values ('E47', 'cgrassi1a@bizjournals.com');
insert into correo_encargado (id_encargado, correo_enc) values ('E48', 'gdobbinson1b@yahoo.com');
insert into correo_encargado (id_encargado, correo_enc) values ('E49', 'swelch1c@theguardian.com');
insert into correo_encargado (id_encargado, correo_enc) values ('E50', 'rgillfillan1d@ifeng.com');
insert into correo_encargado (id_encargado, correo_enc) values ('E51', 'jhandsheart1e@google.pl');
insert into correo_encargado (id_encargado, correo_enc) values ('E52', 'ttomaskunas1f@desdev.cn');
insert into correo_encargado (id_encargado, correo_enc) values ('E53', 'egroomebridge1g@de.vu');
insert into correo_encargado (id_encargado, correo_enc) values ('E54', 'jfearnill1h@yahoo.co.jp');
insert into correo_encargado (id_encargado, correo_enc) values ('E55', 'tmcimmie1i@trellian.com');
insert into correo_encargado (id_encargado, correo_enc) values ('E56', 'hsweedland1j@time.com');
insert into correo_encargado (id_encargado, correo_enc) values ('E57', 'lpeet1k@reuters.com');
insert into correo_encargado (id_encargado, correo_enc) values ('E58', 'nlakeland1l@google.com');
insert into correo_encargado (id_encargado, correo_enc) values ('E59', 'lpreston1m@house.gov');
insert into correo_encargado (id_encargado, correo_enc) values ('E60', 'gdiggles1n@walmart.com');
insert into correo_encargado (id_encargado, correo_enc) values ('E61', 'cnuth1o@51.la');
insert into correo_encargado (id_encargado, correo_enc) values ('E62', 'rspraggon1p@economist.com');
insert into correo_encargado (id_encargado, correo_enc) values ('E63', 'fmoncey1q@vkontakte.ru');
insert into correo_encargado (id_encargado, correo_enc) values ('E64', 'pcollens1r@answers.com');
insert into correo_encargado (id_encargado, correo_enc) values ('E65', 'tbriggdale1s@abc.net.au');
insert into correo_encargado (id_encargado, correo_enc) values ('E66', 'cedgeworth1t@omniture.com');
insert into correo_encargado (id_encargado, correo_enc) values ('E67', 'jgras1u@bandcamp.com');
insert into correo_encargado (id_encargado, correo_enc) values ('E68', 'ctry1v@google.ru');
insert into correo_encargado (id_encargado, correo_enc) values ('E69', 'sbrenton1w@reverbnation.com');
insert into correo_encargado (id_encargado, correo_enc) values ('E70', 'runderdown1x@bing.com');
insert into correo_encargado (id_encargado, correo_enc) values ('E71', 'cdormand1y@i2i.jp');
insert into correo_encargado (id_encargado, correo_enc) values ('E72', 'ctetlow1z@eventbrite.com');
insert into correo_encargado (id_encargado, correo_enc) values ('E73', 'alilley20@goo.gl');
insert into correo_encargado (id_encargado, correo_enc) values ('E74', 'halton21@clickbank.net');
insert into correo_encargado (id_encargado, correo_enc) values ('E75', 'cfabry22@dmoz.org');
insert into correo_encargado (id_encargado, correo_enc) values ('E76', 'rshearwood23@answers.com');
insert into correo_encargado (id_encargado, correo_enc) values ('E77', 'hbrennon24@hc360.com');
insert into correo_encargado (id_encargado, correo_enc) values ('E78', 'bklimp25@dmoz.org');
insert into correo_encargado (id_encargado, correo_enc) values ('E79', 'atrewhella26@wsj.com');
insert into correo_encargado (id_encargado, correo_enc) values ('E80', 'ndurrad27@disqus.com');
insert into correo_encargado (id_encargado, correo_enc) values ('E81', 'kgauden28@miibeian.gov.cn');
insert into correo_encargado (id_encargado, correo_enc) values ('E82', 'alomaz29@woothemes.com');
insert into correo_encargado (id_encargado, correo_enc) values ('E83', 'rshannon2a@sourceforge.net');
insert into correo_encargado (id_encargado, correo_enc) values ('E84', 'mbickmore2b@nasa.gov');
insert into correo_encargado (id_encargado, correo_enc) values ('E85', 'cbuckley2c@github.io');
insert into correo_encargado (id_encargado, correo_enc) values ('E86', 'adunseath2d@technorati.com');
insert into correo_encargado (id_encargado, correo_enc) values ('E87', 'nkirtland2e@admin.ch');
insert into correo_encargado (id_encargado, correo_enc) values ('E88', 'jcauston2f@seesaa.net');
insert into correo_encargado (id_encargado, correo_enc) values ('E89', 'gbeaton2g@umich.edu');
insert into correo_encargado (id_encargado, correo_enc) values ('E90', 'raxten2h@house.gov');
insert into correo_encargado (id_encargado, correo_enc) values ('E91', 'lbeese2i@time.com');
insert into correo_encargado (id_encargado, correo_enc) values ('E92', 'fbubbins2j@disqus.com');
insert into correo_encargado (id_encargado, correo_enc) values ('E93', 'dfayer2k@desdev.cn');
insert into correo_encargado (id_encargado, correo_enc) values ('E94', 'bloble2l@t.co');
insert into correo_encargado (id_encargado, correo_enc) values ('E95', 'cchung2m@ftc.gov');
insert into correo_encargado (id_encargado, correo_enc) values ('E96', 'ykuhle2n@ft.com');
insert into correo_encargado (id_encargado, correo_enc) values ('E97', 'mcopplestone2o@t-online.de');
insert into correo_encargado (id_encargado, correo_enc) values ('E98', 'jsides2p@sbwire.com');
insert into correo_encargado (id_encargado, correo_enc) values ('E99', 'ksherbrooke2q@sakura.ne.jp');
insert into correo_encargado (id_encargado, correo_enc) values ('E100', 'ltremmil2r@nbcnews.com');
insert into cajero (id_cajero, id_sucursal, nombre, apellido_paterno, apellido_materno, fecha_nacimiento, direccion , curp, salario) values ('C1', 2, 'Skippie', 'Brakespear', 'Anersen', '2015-07-26', '999 Morningstar Place', 'IONF245665YFMZMK01', 17839);
insert into cajero (id_cajero, id_sucursal, nombre, apellido_paterno, apellido_materno, fecha_nacimiento, direccion , curp, salario) values ('C2', 3, 'Cassandra', 'Denziloe', 'Bernardos', '2022-09-19', '7764 Moland Court', 'PMJA529727SJOUEF74', 10776);
insert into cajero (id_cajero, id_sucursal, nombre, apellido_paterno, apellido_materno, fecha_nacimiento, direccion , curp, salario) values ('C3', 4, 'Dov', 'Rope', 'Eisold', '2023-03-28', '16 Farwell Pass', 'CMLI866052KEJQWB37', 8198);
insert into cajero (id_cajero, id_sucursal, nombre, apellido_paterno, apellido_materno, fecha_nacimiento, direccion , curp, salario) values ('C4', 5, 'Con', 'Langthorne', 'Falkus', '2015-11-20', '63 4th Way', 'UXBW408713SUJYTQ14', 12056);
insert into cajero (id_cajero, id_sucursal, nombre, apellido_paterno, apellido_materno, fecha_nacimiento, direccion , curp, salario) values ('C5', 6, 'Parsifal', 'Gorden', 'Jasper', '2022-11-27', '5543 Meadow Vale Lane', 'NMPE390299XMYLRN91', 11743);
insert into cajero (id_cajero, id_sucursal, nombre, apellido_paterno, apellido_materno, fecha_nacimiento, direccion , curp, salario) values ('C6', 7, 'Evelin', 'Dodle', 'Sennett', '2005-10-31', '34646 Ilene Junction', 'KLCJ126927YPEWLA31', 15649);
insert into cajero (id_cajero, id_sucursal, nombre, apellido_paterno, apellido_materno, fecha_nacimiento, direccion , curp, salario) values ('C7', 8, 'Donna', 'Riggert', 'Cawston', '2008-03-13', '53 Buhler Park', 'FNLV440425OYXXWK35', 15643);
insert into cajero (id_cajero, id_sucursal, nombre, apellido_paterno, apellido_materno, fecha_nacimiento, direccion , curp, salario) values ('C8', 9, 'Emlynn', 'Scholard', 'Petche', '2007-12-09', '15 Glacier Hill Drive', 'HWFW263079QTBPXE04', 8864);
insert into cajero (id_cajero, id_sucursal, nombre, apellido_paterno, apellido_materno, fecha_nacimiento, direccion , curp, salario) values ('C9', 10, 'Wren', 'Edwinson', 'Couve', '2007-04-03', '544 Myrtle Pass', 'RSOM679952PTKBEW92', 14780);
insert into cajero (id_cajero, id_sucursal, nombre, apellido_paterno, apellido_materno, fecha_nacimiento, direccion , curp, salario) values ('C10', 11, 'Johann', 'Degan', 'Matevushev', '2016-11-13', '91726 Russell Place', 'KTKN534609RXPJOD01', 9092);
insert into cajero (id_cajero, id_sucursal, nombre, apellido_paterno, apellido_materno, fecha_nacimiento, direccion , curp, salario) values ('C11', 12, 'Cam', 'Murrigan', 'Walbridge', '2018-07-25', '22 Shoshone Lane', 'UEPL892982UFHOEU04', 10340);
insert into cajero (id_cajero, id_sucursal, nombre, apellido_paterno, apellido_materno, fecha_nacimiento, direccion , curp, salario) values ('C12', 13, 'Liane', 'Malden', 'Fairbank', '2020-08-19', '6 Sutteridge Parkway', 'HTMG941569FSXSVV05', 19125);
insert into cajero (id_cajero, id_sucursal, nombre, apellido_paterno, apellido_materno, fecha_nacimiento, direccion , curp, salario) values ('C13', 14, 'Rayner', 'Keemar', 'Surmon', '2008-09-06', '31245 Sachtjen Place', 'QDBS028982MRACOR00', 17143);
insert into cajero (id_cajero, id_sucursal, nombre, apellido_paterno, apellido_materno, fecha_nacimiento, direccion , curp, salario) values ('C14', 15, 'Donn', 'Nehlsen', 'Breckon', '2023-01-05', '6 Pawling Place', 'MVSB891392KCPISL42', 16042);
insert into cajero (id_cajero, id_sucursal, nombre, apellido_paterno, apellido_materno, fecha_nacimiento, direccion , curp, salario) values ('C15', 1, 'Kylie', 'Massingham', 'Grayston', '2019-11-15', '697 Chinook Crossing', 'UFFJ624648KNGYCJ35', 9240);
insert into cajero (id_cajero, id_sucursal, nombre, apellido_paterno, apellido_materno, fecha_nacimiento, direccion , curp, salario) values ('C16', 2, 'Sheffie', 'Minard', 'Boniface', '2005-04-15', '32265 Stuart Pass', 'GXZN828408QINTVW62', 16618);
insert into cajero (id_cajero, id_sucursal, nombre, apellido_paterno, apellido_materno, fecha_nacimiento, direccion , curp, salario) values ('C17', 3, 'Elena', 'Duthy', 'Ebbing', '2019-03-26', '0311 Eggendart Way', 'KEJP068794YPQLDD81', 17571);
insert into cajero (id_cajero, id_sucursal, nombre, apellido_paterno, apellido_materno, fecha_nacimiento, direccion , curp, salario) values ('C18', 4, 'Vannie', 'Elks', 'Serrels', '2010-10-01', '01906 Oriole Terrace', 'GUTC882816CCIJNI61', 16376);
insert into cajero (id_cajero, id_sucursal, nombre, apellido_paterno, apellido_materno, fecha_nacimiento, direccion , curp, salario) values ('C19', 5, 'Alisha', 'Deighton', 'Crump', '2010-05-23', '584 Oriole Terrace', 'BSIN766100SHFTJZ43', 14439);
insert into cajero (id_cajero, id_sucursal, nombre, apellido_paterno, apellido_materno, fecha_nacimiento, direccion , curp, salario) values ('C20', 6, 'Melisande', 'Bamlet', 'Santer', '2008-01-15', '0 Mariners Cove Drive', 'NWMM212758JTUAJR84', 20262);
insert into cajero (id_cajero, id_sucursal, nombre, apellido_paterno, apellido_materno, fecha_nacimiento, direccion , curp, salario) values ('C21', 7, 'Kasper', 'McCraine', 'Tynnan', '2014-10-02', '375 Pond Pass', 'ZXOK615172VFFTNO17', 8441);
insert into cajero (id_cajero, id_sucursal, nombre, apellido_paterno, apellido_materno, fecha_nacimiento, direccion , curp, salario) values ('C22', 8, 'Easter', 'O''Carran', 'Winterson', '2010-07-05', '90149 Garrison Place', 'JHIT770452GISJUZ14', 12004);
insert into cajero (id_cajero, id_sucursal, nombre, apellido_paterno, apellido_materno, fecha_nacimiento, direccion , curp, salario) values ('C23', 9, 'Mose', 'McAuslan', 'Tinston', '2012-05-01', '1 Hermina Park', 'DOVN314833PDQIPK09', 12999);
insert into cajero (id_cajero, id_sucursal, nombre, apellido_paterno, apellido_materno, fecha_nacimiento, direccion , curp, salario) values ('C24', 10, 'Costa', 'Haggerty', 'Buntine', '2016-04-01', '07139 Upham Road', 'MEXQ738406CESDDQ52', 20628);
insert into cajero (id_cajero, id_sucursal, nombre, apellido_paterno, apellido_materno, fecha_nacimiento, direccion , curp, salario) values ('C25', 11, 'Odell', 'McKerley', 'Eadmeades', '2012-06-03', '29587 Rusk Parkway', 'OSTS937901ZOGAFX50', 12305);
insert into cajero (id_cajero, id_sucursal, nombre, apellido_paterno, apellido_materno, fecha_nacimiento, direccion , curp, salario) values ('C26', 12, 'Kendall', 'Eggerton', 'Mursell', '2014-12-15', '6912 Artisan Park', 'HUTO883033WZIXPX73', 14768);
insert into cajero (id_cajero, id_sucursal, nombre, apellido_paterno, apellido_materno, fecha_nacimiento, direccion , curp, salario) values ('C27', 13, 'Conrado', 'Dyers', 'Dallosso', '2007-06-23', '742 Oxford Circle', 'FTYY322234AKJNCS25', 19848);
insert into cajero (id_cajero, id_sucursal, nombre, apellido_paterno, apellido_materno, fecha_nacimiento, direccion , curp, salario) values ('C28', 14, 'Desmund', 'Meeny', 'Echalie', '2019-01-24', '96 Cordelia Center', 'CQCH157108ZTAZDE24', 13379);
insert into cajero (id_cajero, id_sucursal, nombre, apellido_paterno, apellido_materno, fecha_nacimiento, direccion , curp, salario) values ('C29', 15, 'Shay', 'Castellucci', 'Orys', '2014-01-02', '87707 Northland Circle', 'FUDL109104BQRGNG30', 19390);
insert into cajero (id_cajero, id_sucursal, nombre, apellido_paterno, apellido_materno, fecha_nacimiento, direccion , curp, salario) values ('C30', 1, 'Alida', 'Reinard', 'Ambrogini', '2007-10-05', '746 Packers Crossing', 'NECR398472GMLSCR95', 15409);
insert into cajero (id_cajero, id_sucursal, nombre, apellido_paterno, apellido_materno, fecha_nacimiento, direccion , curp, salario) values ('C31', 2, 'Gabriele', 'Farrah', 'Johl', '2018-08-07', '86 Corben Lane', 'GOAN750476MEIIKD43', 13596);
insert into cajero (id_cajero, id_sucursal, nombre, apellido_paterno, apellido_materno, fecha_nacimiento, direccion , curp, salario) values ('C32', 3, 'Kleon', 'Huggons', 'Quinane', '2015-05-29', '2 Monument Point', 'GUZD001623TQVFZD80', 21534);
insert into cajero (id_cajero, id_sucursal, nombre, apellido_paterno, apellido_materno, fecha_nacimiento, direccion , curp, salario) values ('C33', 4, 'Gabbey', 'Cockell', 'Thomazin', '2015-06-03', '0829 Mariners Cove Circle', 'AQAS320527URSFCX74', 19279);
insert into cajero (id_cajero, id_sucursal, nombre, apellido_paterno, apellido_materno, fecha_nacimiento, direccion , curp, salario) values ('C34', 5, 'Ulick', 'Jefferies', 'Stovell', '2016-06-06', '78 Waubesa Drive', 'VUET981124OXDYKA76', 16523);
insert into cajero (id_cajero, id_sucursal, nombre, apellido_paterno, apellido_materno, fecha_nacimiento, direccion , curp, salario) values ('C35', 6, 'Schuyler', 'Avesque', 'Holton', '2011-01-20', '542 Eastlawn Place', 'MCCB491677BVNSWQ71', 16920);
insert into cajero (id_cajero, id_sucursal, nombre, apellido_paterno, apellido_materno, fecha_nacimiento, direccion , curp, salario) values ('C36', 7, 'Lorry', 'Loomes', 'Fewlass', '2016-04-06', '73 Oneill Road', 'CELM239085FSJFDA13', 11671);
insert into cajero (id_cajero, id_sucursal, nombre, apellido_paterno, apellido_materno, fecha_nacimiento, direccion , curp, salario) values ('C37', 8, 'Novelia', 'Dacke', 'Callway', '2009-11-17', '50043 Riverside Parkway', 'POQN673323YSYWIZ48', 15289);
insert into cajero (id_cajero, id_sucursal, nombre, apellido_paterno, apellido_materno, fecha_nacimiento, direccion , curp, salario) values ('C38', 9, 'Aland', 'Hindge', 'Pellman', '2014-11-20', '65 Almo Junction', 'ZSGU503268NBDWXI04', 13173);
insert into cajero (id_cajero, id_sucursal, nombre, apellido_paterno, apellido_materno, fecha_nacimiento, direccion , curp, salario) values ('C39', 10, 'Gaby', 'Warfield', 'Rickcord', '2010-03-03', '2372 Melrose Center', 'EXCV454526RSOVFR19', 13268);
insert into cajero (id_cajero, id_sucursal, nombre, apellido_paterno, apellido_materno, fecha_nacimiento, direccion , curp, salario) values ('C40', 11, 'Joleen', 'Busen', 'Blacksell', '2009-05-13', '9 Birchwood Park', 'RVDY293381YDGREB31', 16266);
insert into cajero (id_cajero, id_sucursal, nombre, apellido_paterno, apellido_materno, fecha_nacimiento, direccion , curp, salario) values ('C41', 12, 'Camel', 'Keesman', 'Ortet', '2013-12-10', '2696 Drewry Parkway', 'ZFSH553015ACTNLD50', 14688);
insert into cajero (id_cajero, id_sucursal, nombre, apellido_paterno, apellido_materno, fecha_nacimiento, direccion , curp, salario) values ('C42', 13, 'Dorree', 'Kynastone', 'Thornton-Dewhirst', '2022-03-31', '5 Alpine Center', 'JVRF271275AJVZVC57', 11823);
insert into cajero (id_cajero, id_sucursal, nombre, apellido_paterno, apellido_materno, fecha_nacimiento, direccion , curp, salario) values ('C43', 14, 'Wang', 'Cuppitt', 'Papaccio', '2020-01-30', '4001 Jenifer Parkway', 'ESKU804971VACYWX54', 19902);
insert into cajero (id_cajero, id_sucursal, nombre, apellido_paterno, apellido_materno, fecha_nacimiento, direccion , curp, salario) values ('C44', 15, 'Giffer', 'Baumler', 'Iscowitz', '2021-08-18', '0126 Welch Alley', 'TZHX243776UQLCRV47', 14226);
insert into cajero (id_cajero, id_sucursal, nombre, apellido_paterno, apellido_materno, fecha_nacimiento, direccion , curp, salario) values ('C45', 1, 'Reinold', 'Juett', 'McLaverty', '2012-06-09', '36876 Debra Way', 'TCXK557670NXKZGI54', 19162);
insert into cajero (id_cajero, id_sucursal, nombre, apellido_paterno, apellido_materno, fecha_nacimiento, direccion , curp, salario) values ('C46', 2, 'Conny', 'Kroch', 'Crumb', '2009-07-15', '16257 Thackeray Point', 'THEL999192DEDAXM12', 8136);
insert into cajero (id_cajero, id_sucursal, nombre, apellido_paterno, apellido_materno, fecha_nacimiento, direccion , curp, salario) values ('C47', 3, 'Ainsley', 'Dominelli', 'Abell', '2014-04-20', '484 David Road', 'FIAM100394PHHKTD93', 15380);
insert into cajero (id_cajero, id_sucursal, nombre, apellido_paterno, apellido_materno, fecha_nacimiento, direccion , curp, salario) values ('C48', 4, 'Robena', 'Handscombe', 'Treharne', '2021-03-17', '0240 Hintze Way', 'VFNX577629HBMEBB28', 11977);
insert into cajero (id_cajero, id_sucursal, nombre, apellido_paterno, apellido_materno, fecha_nacimiento, direccion , curp, salario) values ('C49', 5, 'Jecho', 'Bax', 'Tanser', '2005-07-10', '5419 Shopko Junction', 'XXGD514923CWFECB61', 21539);
insert into cajero (id_cajero, id_sucursal, nombre, apellido_paterno, apellido_materno, fecha_nacimiento, direccion , curp, salario) values ('C50', 6, 'Charleen', 'Carmel', 'Briskey', '2007-03-10', '1435 Fuller Lane', 'STLP558349EIVJEQ81', 13505);
insert into cajero (id_cajero, id_sucursal, nombre, apellido_paterno, apellido_materno, fecha_nacimiento, direccion , curp, salario) values ('C51', 7, 'Carleton', 'Cootes', 'Hedgeley', '2018-01-16', '000 Sunnyside Center', 'DFXD884699YOCFXC59', 10738);
insert into cajero (id_cajero, id_sucursal, nombre, apellido_paterno, apellido_materno, fecha_nacimiento, direccion , curp, salario) values ('C52', 8, 'Chrissie', 'Cruft', 'Sabates', '2018-09-02', '8 Schurz Junction', 'ORIX661036ZNTKIT62', 13050);
insert into cajero (id_cajero, id_sucursal, nombre, apellido_paterno, apellido_materno, fecha_nacimiento, direccion , curp, salario) values ('C53', 9, 'Northrop', 'Cardno', 'Dils', '2005-02-24', '1 Corscot Road', 'AFOM254778XPLXOS45', 13534);
insert into cajero (id_cajero, id_sucursal, nombre, apellido_paterno, apellido_materno, fecha_nacimiento, direccion , curp, salario) values ('C54', 10, 'Shela', 'Rossetti', 'Domenico', '2007-02-21', '4 Mesta Lane', 'VPUU823542DOPFVD47', 11167);
insert into cajero (id_cajero, id_sucursal, nombre, apellido_paterno, apellido_materno, fecha_nacimiento, direccion , curp, salario) values ('C55', 11, 'Gretel', 'Barraclough', 'Romeo', '2013-11-09', '21 Kedzie Center', 'NAFT428413KUZXPV80', 20341);
insert into cajero (id_cajero, id_sucursal, nombre, apellido_paterno, apellido_materno, fecha_nacimiento, direccion , curp, salario) values ('C56', 12, 'Siward', 'Guerrero', 'Roe', '2005-06-28', '67 Longview Trail', 'KTZQ866083VBACCG50', 16254);
insert into cajero (id_cajero, id_sucursal, nombre, apellido_paterno, apellido_materno, fecha_nacimiento, direccion , curp, salario) values ('C57', 13, 'Rani', 'Prettyjohn', 'Gorring', '2011-08-18', '7295 Kipling Way', 'QFKJ820647XIEHWE28', 19957);
insert into cajero (id_cajero, id_sucursal, nombre, apellido_paterno, apellido_materno, fecha_nacimiento, direccion , curp, salario) values ('C58', 14, 'Fiorenze', 'Eaglesham', 'Heatherington', '2019-10-13', '90 Fairview Avenue', 'WIOH781208ZRUPYX98', 21192);
insert into cajero (id_cajero, id_sucursal, nombre, apellido_paterno, apellido_materno, fecha_nacimiento, direccion , curp, salario) values ('C59', 15, 'Findley', 'Dollen', 'Gringley', '2013-10-13', '52 Oxford Terrace', 'KOAU200215MUUXWC55', 19658);
insert into cajero (id_cajero, id_sucursal, nombre, apellido_paterno, apellido_materno, fecha_nacimiento, direccion , curp, salario) values ('C60', 1, 'Vernice', 'Mildner', 'Kiddey', '2015-11-16', '24 Holy Cross Junction', 'UMKL714512UQZACL12', 21642);
insert into cajero (id_cajero, id_sucursal, nombre, apellido_paterno, apellido_materno, fecha_nacimiento, direccion , curp, salario) values ('C61', 2, 'Wilbert', 'Rougier', 'Galle', '2014-05-15', '64 Lake View Road', 'VNKU096348XUWAOY04', 11387);
insert into cajero (id_cajero, id_sucursal, nombre, apellido_paterno, apellido_materno, fecha_nacimiento, direccion , curp, salario) values ('C62', 3, 'Marion', 'Macenzy', 'Ollerton', '2006-05-16', '19038 Hauk Avenue', 'FLXY401590FYXORA25', 8630);
insert into cajero (id_cajero, id_sucursal, nombre, apellido_paterno, apellido_materno, fecha_nacimiento, direccion , curp, salario) values ('C63', 4, 'Chloette', 'Kirtlan', 'Pawlick', '2021-04-26', '81157 Del Mar Crossing', 'CFGK657456WUHXRO91', 8583);
insert into cajero (id_cajero, id_sucursal, nombre, apellido_paterno, apellido_materno, fecha_nacimiento, direccion , curp, salario) values ('C64', 5, 'Idette', 'Tabb', 'Ferrand', '2007-07-01', '818 Schurz Junction', 'EBKT233840HMDYDC70', 16008);
insert into cajero (id_cajero, id_sucursal, nombre, apellido_paterno, apellido_materno, fecha_nacimiento, direccion , curp, salario) values ('C65', 6, 'Benoite', 'Jaegar', 'Aronov', '2020-09-11', '52118 Eliot Place', 'IMBJ429807DPYXEU32', 13305);
insert into cajero (id_cajero, id_sucursal, nombre, apellido_paterno, apellido_materno, fecha_nacimiento, direccion , curp, salario) values ('C66', 7, 'April', 'Withull', 'Gorham', '2019-11-05', '51 Sherman Alley', 'JXMI173029UTTXHD78', 18351);
insert into cajero (id_cajero, id_sucursal, nombre, apellido_paterno, apellido_materno, fecha_nacimiento, direccion , curp, salario) values ('C67', 8, 'Delbert', 'Cornelissen', 'Clute', '2006-10-02', '35138 Hanover Plaza', 'YTAQ187564KCDNDA55', 21395);
insert into cajero (id_cajero, id_sucursal, nombre, apellido_paterno, apellido_materno, fecha_nacimiento, direccion , curp, salario) values ('C68', 9, 'Shayne', 'Tilburn', 'Rapier', '2009-08-16', '28239 Sunbrook Plaza', 'ZCKX555079BJYIBC88', 9724);
insert into cajero (id_cajero, id_sucursal, nombre, apellido_paterno, apellido_materno, fecha_nacimiento, direccion , curp, salario) values ('C69', 10, 'Jacky', 'O'' Gara', 'Wolledge', '2008-06-13', '3 Dakota Lane', 'TXKI716058WTRTXB55', 17428);
insert into cajero (id_cajero, id_sucursal, nombre, apellido_paterno, apellido_materno, fecha_nacimiento, direccion , curp, salario) values ('C70', 11, 'Antoni', 'Kruszelnicki', 'Neesham', '2021-12-19', '5559 Prairie Rose Road', 'PHAA130348IJIZFY20', 17200);
insert into cajero (id_cajero, id_sucursal, nombre, apellido_paterno, apellido_materno, fecha_nacimiento, direccion , curp, salario) values ('C71', 12, 'Annmaria', 'Fursland', 'Matuszkiewicz', '2023-05-01', '57 Hallows Drive', 'WTXB551200WTNIPM42', 10961);
insert into cajero (id_cajero, id_sucursal, nombre, apellido_paterno, apellido_materno, fecha_nacimiento, direccion , curp, salario) values ('C72', 13, 'Sheree', 'Puckinghorne', 'Backhurst', '2015-10-24', '66856 Dovetail Lane', 'EHLH400083PUAFTU62', 10680);
insert into cajero (id_cajero, id_sucursal, nombre, apellido_paterno, apellido_materno, fecha_nacimiento, direccion , curp, salario) values ('C73', 14, 'Giffie', 'Jewiss', 'Burborough', '2010-09-22', '9 Pond Crossing', 'WNIQ478636JMHJOX98', 9623);
insert into cajero (id_cajero, id_sucursal, nombre, apellido_paterno, apellido_materno, fecha_nacimiento, direccion , curp, salario) values ('C74', 15, 'Lotti', 'Gerrad', 'Pudge', '2019-06-02', '11058 Rigney Court', 'RRHS725201BMZURK13', 11291);
insert into cajero (id_cajero, id_sucursal, nombre, apellido_paterno, apellido_materno, fecha_nacimiento, direccion , curp, salario) values ('C75', 1, 'Estrella', 'Snowden', 'Kerfut', '2016-05-14', '9709 Crescent Oaks Pass', 'ALIJ133397DNEYGI23', 12556);
insert into cajero (id_cajero, id_sucursal, nombre, apellido_paterno, apellido_materno, fecha_nacimiento, direccion , curp, salario) values ('C76', 2, 'Gwynne', 'Ordelt', 'Alecock', '2012-04-21', '55322 Jana Center', 'SGTD320936YZBEBA87', 10386);
insert into cajero (id_cajero, id_sucursal, nombre, apellido_paterno, apellido_materno, fecha_nacimiento, direccion , curp, salario) values ('C77', 3, 'Eal', 'Boundy', 'Danett', '2016-02-21', '8187 Havey Court', 'AODS475926LHGTVH25', 17286);
insert into cajero (id_cajero, id_sucursal, nombre, apellido_paterno, apellido_materno, fecha_nacimiento, direccion , curp, salario) values ('C78', 4, 'Orin', 'Boult', 'Immer', '2008-03-29', '9 Helena Trail', 'NXWW758363KISNNK99', 12939);
insert into cajero (id_cajero, id_sucursal, nombre, apellido_paterno, apellido_materno, fecha_nacimiento, direccion , curp, salario) values ('C79', 5, 'Nina', 'Edelman', 'Redgrave', '2022-11-04', '361 Del Mar Junction', 'SDBT657516FFGGWJ27', 8376);
insert into cajero (id_cajero, id_sucursal, nombre, apellido_paterno, apellido_materno, fecha_nacimiento, direccion , curp, salario) values ('C80', 6, 'Brooke', 'Hiner', 'Robet', '2013-06-24', '0 Coolidge Court', 'RPOR118961GVAERG64', 13136);
insert into cajero (id_cajero, id_sucursal, nombre, apellido_paterno, apellido_materno, fecha_nacimiento, direccion , curp, salario) values ('C81', 7, 'West', 'O''Boyle', 'Hothersall', '2016-03-12', '60314 Fairfield Way', 'EFFS334825CRZZZK73', 19594);
insert into cajero (id_cajero, id_sucursal, nombre, apellido_paterno, apellido_materno, fecha_nacimiento, direccion , curp, salario) values ('C82', 8, 'Onfre', 'Quinnette', 'Morillas', '2017-02-03', '0214 Scoville Street', 'ZWKW256578EYQSOL99', 10536);
insert into cajero (id_cajero, id_sucursal, nombre, apellido_paterno, apellido_materno, fecha_nacimiento, direccion , curp, salario) values ('C83', 9, 'Vaughan', 'Turle', 'Brackenbury', '2006-06-19', '34851 Lakewood Court', 'DDYH919589GUVSTD80', 13638);
insert into cajero (id_cajero, id_sucursal, nombre, apellido_paterno, apellido_materno, fecha_nacimiento, direccion , curp, salario) values ('C84', 10, 'Angelo', 'Vanner', 'Treversh', '2013-01-27', '00086 Boyd Junction', 'VSUT482808YHTNHV30', 11522);
insert into cajero (id_cajero, id_sucursal, nombre, apellido_paterno, apellido_materno, fecha_nacimiento, direccion , curp, salario) values ('C85', 11, 'Almeta', 'Kirdsch', 'Rauprich', '2006-03-06', '803 Homewood Pass', 'LIAS490771LJBOWA07', 15852);
insert into cajero (id_cajero, id_sucursal, nombre, apellido_paterno, apellido_materno, fecha_nacimiento, direccion , curp, salario) values ('C86', 12, 'Godfrey', 'Fippe', 'Southwick', '2006-01-23', '2660 Main Point', 'LKEA833456VTYGRD03', 19233);
insert into cajero (id_cajero, id_sucursal, nombre, apellido_paterno, apellido_materno, fecha_nacimiento, direccion , curp, salario) values ('C87', 13, 'Tate', 'Davidovics', 'Meryett', '2011-03-16', '9 Veith Drive', 'QTTX685650QAPSUZ75', 14148);
insert into cajero (id_cajero, id_sucursal, nombre, apellido_paterno, apellido_materno, fecha_nacimiento, direccion , curp, salario) values ('C88', 14, 'Thatcher', 'Keher', 'Bortolozzi', '2016-07-28', '3273 Dwight Way', 'KNPQ778135ERUMDN87', 10814);
insert into cajero (id_cajero, id_sucursal, nombre, apellido_paterno, apellido_materno, fecha_nacimiento, direccion , curp, salario) values ('C89', 15, 'Lockwood', 'O''Shesnan', 'Isaacs', '2022-10-17', '8785 Randy Terrace', 'OQZS585308BEDFTJ55', 14816);
insert into cajero (id_cajero, id_sucursal, nombre, apellido_paterno, apellido_materno, fecha_nacimiento, direccion , curp, salario) values ('C90', 1, 'Leroi', 'Stefanovic', 'Mounce', '2021-10-18', '88 Summerview Lane', 'DQOB848026ODKVNW98', 18236);
insert into cajero (id_cajero, id_sucursal, nombre, apellido_paterno, apellido_materno, fecha_nacimiento, direccion , curp, salario) values ('C91', 2, 'Florella', 'Samwaye', 'Brook', '2022-05-24', '933 Pankratz Lane', 'AVMF994715YLSPCB19', 18760);
insert into cajero (id_cajero, id_sucursal, nombre, apellido_paterno, apellido_materno, fecha_nacimiento, direccion , curp, salario) values ('C92', 3, 'Elaine', 'Le Quesne', 'Dudhill', '2010-09-25', '417 Katie Alley', 'CMKD326211XYVVTC69', 12450);
insert into cajero (id_cajero, id_sucursal, nombre, apellido_paterno, apellido_materno, fecha_nacimiento, direccion , curp, salario) values ('C93', 4, 'Chas', 'Fullerlove', 'Quene', '2022-03-26', '8419 Paget Point', 'QQLC113602JZOSCG75', 19558);
insert into cajero (id_cajero, id_sucursal, nombre, apellido_paterno, apellido_materno, fecha_nacimiento, direccion , curp, salario) values ('C94', 5, 'Cally', 'Chidwick', 'Oliveti', '2020-03-31', '062 Delladonna Terrace', 'LGFX929660VSAHYG73', 21641);
insert into cajero (id_cajero, id_sucursal, nombre, apellido_paterno, apellido_materno, fecha_nacimiento, direccion , curp, salario) values ('C95', 6, 'Miltie', 'Masedon', 'Lourenco', '2008-01-04', '54020 Redwing Street', 'XZTN443151QOQVFO89', 11400);
insert into cajero (id_cajero, id_sucursal, nombre, apellido_paterno, apellido_materno, fecha_nacimiento, direccion , curp, salario) values ('C96', 7, 'Judi', 'Caddell', 'Cawston', '2005-06-18', '48 Moulton Place', 'EVKC917766QORHVJ24', 15504);
insert into cajero (id_cajero, id_sucursal, nombre, apellido_paterno, apellido_materno, fecha_nacimiento, direccion , curp, salario) values ('C97', 8, 'Sophi', 'Van Brug', 'Pretley', '2005-10-31', '0426 Melby Alley', 'QEBE665169JCMIDC29', 20837);
insert into cajero (id_cajero, id_sucursal, nombre, apellido_paterno, apellido_materno, fecha_nacimiento, direccion , curp, salario) values ('C98', 9, 'Hilliard', 'Bessom', 'Van T''Hoog', '2009-11-07', '08173 Mallory Crossing', 'OFWM038523SRRBGP25', 12882);
insert into cajero (id_cajero, id_sucursal, nombre, apellido_paterno, apellido_materno, fecha_nacimiento, direccion , curp, salario) values ('C99', 10, 'Mabel', 'Kille', 'Truesdale', '2008-10-02', '48077 East Trail', 'EIBW638767RPKYXL67', 8672);
insert into cajero (id_cajero, id_sucursal, nombre, apellido_paterno, apellido_materno, fecha_nacimiento, direccion , curp, salario) values ('C100', 11, 'Toma', 'Symmons', 'Gillicuddy', '2020-12-27', '974 Daystar Parkway', 'XINR303193VZWXKO71', 10521);
insert into tel_cajero (id_cajero, tel_caj) values ('C1', '4989284461');
insert into tel_cajero (id_cajero, tel_caj) values ('C2', '2263559450');
insert into tel_cajero (id_cajero, tel_caj) values ('C3', '6728185429');
insert into tel_cajero (id_cajero, tel_caj) values ('C4', '1533813655');
insert into tel_cajero (id_cajero, tel_caj) values ('C5', '1154460967');
insert into tel_cajero (id_cajero, tel_caj) values ('C6', '7871768107');
insert into tel_cajero (id_cajero, tel_caj) values ('C7', '9237827849');
insert into tel_cajero (id_cajero, tel_caj) values ('C8', '0535330340');
insert into tel_cajero (id_cajero, tel_caj) values ('C9', '8529134613');
insert into tel_cajero (id_cajero, tel_caj) values ('C10', '4237184951');
insert into tel_cajero (id_cajero, tel_caj) values ('C11', '3445110530');
insert into tel_cajero (id_cajero, tel_caj) values ('C12', '3570479358');
insert into tel_cajero (id_cajero, tel_caj) values ('C13', '7255227805');
insert into tel_cajero (id_cajero, tel_caj) values ('C14', '8211843110');
insert into tel_cajero (id_cajero, tel_caj) values ('C15', '9140958507');
insert into tel_cajero (id_cajero, tel_caj) values ('C16', '3462197592');
insert into tel_cajero (id_cajero, tel_caj) values ('C17', '9242432989');
insert into tel_cajero (id_cajero, tel_caj) values ('C18', '0386889198');
insert into tel_cajero (id_cajero, tel_caj) values ('C19', '2452002542');
insert into tel_cajero (id_cajero, tel_caj) values ('C20', '8419288470');
insert into tel_cajero (id_cajero, tel_caj) values ('C21', '9991209557');
insert into tel_cajero (id_cajero, tel_caj) values ('C22', '2966575948');
insert into tel_cajero (id_cajero, tel_caj) values ('C23', '0077984463');
insert into tel_cajero (id_cajero, tel_caj) values ('C24', '1159184976');
insert into tel_cajero (id_cajero, tel_caj) values ('C25', '5789507719');
insert into tel_cajero (id_cajero, tel_caj) values ('C26', '0281009473');
insert into tel_cajero (id_cajero, tel_caj) values ('C27', '3997511179');
insert into tel_cajero (id_cajero, tel_caj) values ('C28', '5892203344');
insert into tel_cajero (id_cajero, tel_caj) values ('C29', '2989288546');
insert into tel_cajero (id_cajero, tel_caj) values ('C30', '5197680032');
insert into tel_cajero (id_cajero, tel_caj) values ('C31', '4140731257');
insert into tel_cajero (id_cajero, tel_caj) values ('C32', '1977748457');
insert into tel_cajero (id_cajero, tel_caj) values ('C33', '0524449066');
insert into tel_cajero (id_cajero, tel_caj) values ('C34', '7671501239');
insert into tel_cajero (id_cajero, tel_caj) values ('C35', '4676754051');
insert into tel_cajero (id_cajero, tel_caj) values ('C36', '9011575415');
insert into tel_cajero (id_cajero, tel_caj) values ('C37', '6063295984');
insert into tel_cajero (id_cajero, tel_caj) values ('C38', '8081772758');
insert into tel_cajero (id_cajero, tel_caj) values ('C39', '6349257626');
insert into tel_cajero (id_cajero, tel_caj) values ('C40', '7401097303');
insert into tel_cajero (id_cajero, tel_caj) values ('C41', '1096771896');
insert into tel_cajero (id_cajero, tel_caj) values ('C42', '4278039824');
insert into tel_cajero (id_cajero, tel_caj) values ('C43', '4053616158');
insert into tel_cajero (id_cajero, tel_caj) values ('C44', '2894262655');
insert into tel_cajero (id_cajero, tel_caj) values ('C45', '7486609525');
insert into tel_cajero (id_cajero, tel_caj) values ('C46', '6923664667');
insert into tel_cajero (id_cajero, tel_caj) values ('C47', '6606122317');
insert into tel_cajero (id_cajero, tel_caj) values ('C48', '3836171872');
insert into tel_cajero (id_cajero, tel_caj) values ('C49', '8974525941');
insert into tel_cajero (id_cajero, tel_caj) values ('C50', '4978580072');
insert into tel_cajero (id_cajero, tel_caj) values ('C51', '8327734016');
insert into tel_cajero (id_cajero, tel_caj) values ('C52', '9036011698');
insert into tel_cajero (id_cajero, tel_caj) values ('C53', '9801229977');
insert into tel_cajero (id_cajero, tel_caj) values ('C54', '4873768101');
insert into tel_cajero (id_cajero, tel_caj) values ('C55', '3918464814');
insert into tel_cajero (id_cajero, tel_caj) values ('C56', '8287087651');
insert into tel_cajero (id_cajero, tel_caj) values ('C57', '8160196148');
insert into tel_cajero (id_cajero, tel_caj) values ('C58', '5126945254');
insert into tel_cajero (id_cajero, tel_caj) values ('C59', '1723230790');
insert into tel_cajero (id_cajero, tel_caj) values ('C60', '6675714244');
insert into tel_cajero (id_cajero, tel_caj) values ('C61', '1874570469');
insert into tel_cajero (id_cajero, tel_caj) values ('C62', '7604339670');
insert into tel_cajero (id_cajero, tel_caj) values ('C63', '0948449063');
insert into tel_cajero (id_cajero, tel_caj) values ('C64', '1990947042');
insert into tel_cajero (id_cajero, tel_caj) values ('C65', '8981139466');
insert into tel_cajero (id_cajero, tel_caj) values ('C66', '7062376035');
insert into tel_cajero (id_cajero, tel_caj) values ('C67', '2373605864');
insert into tel_cajero (id_cajero, tel_caj) values ('C68', '6246300065');
insert into tel_cajero (id_cajero, tel_caj) values ('C69', '9439955252');
insert into tel_cajero (id_cajero, tel_caj) values ('C70', '8368580242');
insert into tel_cajero (id_cajero, tel_caj) values ('C71', '2233460561');
insert into tel_cajero (id_cajero, tel_caj) values ('C72', '6478341496');
insert into tel_cajero (id_cajero, tel_caj) values ('C73', '2029722154');
insert into tel_cajero (id_cajero, tel_caj) values ('C74', '7781962850');
insert into tel_cajero (id_cajero, tel_caj) values ('C75', '8020498648');
insert into tel_cajero (id_cajero, tel_caj) values ('C76', '5850428887');
insert into tel_cajero (id_cajero, tel_caj) values ('C77', '5986133617');
insert into tel_cajero (id_cajero, tel_caj) values ('C78', '6002081178');
insert into tel_cajero (id_cajero, tel_caj) values ('C79', '2930873221');
insert into tel_cajero (id_cajero, tel_caj) values ('C80', '0817702792');
insert into tel_cajero (id_cajero, tel_caj) values ('C81', '2321474106');
insert into tel_cajero (id_cajero, tel_caj) values ('C82', '3941765434');
insert into tel_cajero (id_cajero, tel_caj) values ('C83', '0250341360');
insert into tel_cajero (id_cajero, tel_caj) values ('C84', '6838215608');
insert into tel_cajero (id_cajero, tel_caj) values ('C85', '4655651385');
insert into tel_cajero (id_cajero, tel_caj) values ('C86', '6267636976');
insert into tel_cajero (id_cajero, tel_caj) values ('C87', '8039517133');
insert into tel_cajero (id_cajero, tel_caj) values ('C88', '9969522221');
insert into tel_cajero (id_cajero, tel_caj) values ('C89', '6172373153');
insert into tel_cajero (id_cajero, tel_caj) values ('C90', '0571727336');
insert into tel_cajero (id_cajero, tel_caj) values ('C91', '7412932578');
insert into tel_cajero (id_cajero, tel_caj) values ('C92', '1131901185');
insert into tel_cajero (id_cajero, tel_caj) values ('C93', '0675052432');
insert into tel_cajero (id_cajero, tel_caj) values ('C94', '1926599055');
insert into tel_cajero (id_cajero, tel_caj) values ('C95', '4298542580');
insert into tel_cajero (id_cajero, tel_caj) values ('C96', '0957008791');
insert into tel_cajero (id_cajero, tel_caj) values ('C97', '5596896934');
insert into tel_cajero (id_cajero, tel_caj) values ('C98', '2459909187');
insert into tel_cajero (id_cajero, tel_caj) values ('C99', '4723456015');
insert into tel_cajero (id_cajero, tel_caj) values ('C100', '3773730233');

insert into correo_cajero (id_cajero, correo_caj) values ('C1', 'dtyrwhitt0@reference.com');
insert into correo_cajero (id_cajero, correo_caj) values ('C2', 'llowde1@myspace.com');
insert into correo_cajero (id_cajero, correo_caj) values ('C3', 'fbagenal2@icq.com');
insert into correo_cajero (id_cajero, correo_caj) values ('C4', 'sbarfield3@purevolume.com');
insert into correo_cajero (id_cajero, correo_caj) values ('C5', 'vhorwell4@goo.ne.jp');
insert into correo_cajero (id_cajero, correo_caj) values ('C6', 'lbelhome5@networkadvertising.org');
insert into correo_cajero (id_cajero, correo_caj) values ('C7', 'bharrowing6@fc2.com');
insert into correo_cajero (id_cajero, correo_caj) values ('C8', 'cpetto7@timesonline.co.uk');
insert into correo_cajero (id_cajero, correo_caj) values ('C9', 'bmackim8@usatoday.com');
insert into correo_cajero (id_cajero, correo_caj) values ('C10', 'lbritney9@privacy.gov.au');
insert into correo_cajero (id_cajero, correo_caj) values ('C11', 'eellpha@blinklist.com');
insert into correo_cajero (id_cajero, correo_caj) values ('C12', 'theigoldb@yahoo.com');
insert into correo_cajero (id_cajero, correo_caj) values ('C13', 'osandeverc@lycos.com');
insert into correo_cajero (id_cajero, correo_caj) values ('C14', 'mfaked@cbsnews.com');
insert into correo_cajero (id_cajero, correo_caj) values ('C15', 'abillowse@comsenz.com');
insert into correo_cajero (id_cajero, correo_caj) values ('C16', 'phonnicottf@samsung.com');
insert into correo_cajero (id_cajero, correo_caj) values ('C17', 'hfirsbyg@google.com.hk');
insert into correo_cajero (id_cajero, correo_caj) values ('C18', 'nwyneh@va.gov');
insert into correo_cajero (id_cajero, correo_caj) values ('C19', 'rfriari@nature.com');
insert into correo_cajero (id_cajero, correo_caj) values ('C20', 'mbehnenj@sitemeter.com');
insert into correo_cajero (id_cajero, correo_caj) values ('C21', 'emickank@wikispaces.com');
insert into correo_cajero (id_cajero, correo_caj) values ('C22', 'rsnedkerl@163.com');
insert into correo_cajero (id_cajero, correo_caj) values ('C23', 'mwhitticksm@squarespace.com');
insert into correo_cajero (id_cajero, correo_caj) values ('C24', 'rmaindsn@soup.io');
insert into correo_cajero (id_cajero, correo_caj) values ('C25', 'mtibbottso@shareasale.com');
insert into correo_cajero (id_cajero, correo_caj) values ('C26', 'ibadsworthp@live.com');
insert into correo_cajero (id_cajero, correo_caj) values ('C27', 'sbernotq@upenn.edu');
insert into correo_cajero (id_cajero, correo_caj) values ('C28', 'ccoleyshawr@cpanel.net');
insert into correo_cajero (id_cajero, correo_caj) values ('C29', 'ppottes@guardian.co.uk');
insert into correo_cajero (id_cajero, correo_caj) values ('C30', 'tjerranst@moonfruit.com');
insert into correo_cajero (id_cajero, correo_caj) values ('C31', 'tattwateru@intel.com');
insert into correo_cajero (id_cajero, correo_caj) values ('C32', 'kallsupv@pagesperso-orange.fr');
insert into correo_cajero (id_cajero, correo_caj) values ('C33', 'rparzisw@dmoz.org');
insert into correo_cajero (id_cajero, correo_caj) values ('C34', 'agellatelyx@phpbb.com');
insert into correo_cajero (id_cajero, correo_caj) values ('C35', 'tcampey@bbb.org');
insert into correo_cajero (id_cajero, correo_caj) values ('C36', 'bdelayglesiasz@so-net.ne.jp');
insert into correo_cajero (id_cajero, correo_caj) values ('C37', 'fheck10@domainmarket.com');
insert into correo_cajero (id_cajero, correo_caj) values ('C38', 'cboylin11@pcworld.com');
insert into correo_cajero (id_cajero, correo_caj) values ('C39', 'aobern12@woothemes.com');
insert into correo_cajero (id_cajero, correo_caj) values ('C40', 'bdidomenico13@elegantthemes.com');
insert into correo_cajero (id_cajero, correo_caj) values ('C41', 'aambroisin14@a8.net');
insert into correo_cajero (id_cajero, correo_caj) values ('C42', 'mackeroyd15@hatena.ne.jp');
insert into correo_cajero (id_cajero, correo_caj) values ('C43', 'hlambin16@tinypic.com');
insert into correo_cajero (id_cajero, correo_caj) values ('C44', 'ebeneze17@miitbeian.gov.cn');
insert into correo_cajero (id_cajero, correo_caj) values ('C45', 'npavlasek18@cbslocal.com');
insert into correo_cajero (id_cajero, correo_caj) values ('C46', 'bhedon19@marketwatch.com');
insert into correo_cajero (id_cajero, correo_caj) values ('C47', 'hblizard1a@oaic.gov.au');
insert into correo_cajero (id_cajero, correo_caj) values ('C48', 'tfrye1b@wiley.com');
insert into correo_cajero (id_cajero, correo_caj) values ('C49', 'jleggott1c@narod.ru');
insert into correo_cajero (id_cajero, correo_caj) values ('C50', 'rtesseyman1d@nba.com');
insert into correo_cajero (id_cajero, correo_caj) values ('C51', 'collin1e@nba.com');
insert into correo_cajero (id_cajero, correo_caj) values ('C52', 'msapp1f@exblog.jp');
insert into correo_cajero (id_cajero, correo_caj) values ('C53', 'gmarchenko1g@cdbaby.com');
insert into correo_cajero (id_cajero, correo_caj) values ('C54', 'gcheales1h@craigslist.org');
insert into correo_cajero (id_cajero, correo_caj) values ('C55', 'sfruser1i@jigsy.com');
insert into correo_cajero (id_cajero, correo_caj) values ('C56', 'triggs1j@unc.edu');
insert into correo_cajero (id_cajero, correo_caj) values ('C57', 'mrathbourne1k@mac.com');
insert into correo_cajero (id_cajero, correo_caj) values ('C58', 'gblackborow1l@reference.com');
insert into correo_cajero (id_cajero, correo_caj) values ('C59', 'lsalters1m@uol.com.br');
insert into correo_cajero (id_cajero, correo_caj) values ('C60', 'jmochar1n@pinterest.com');
insert into correo_cajero (id_cajero, correo_caj) values ('C61', 'msherwood1o@who.int');
insert into correo_cajero (id_cajero, correo_caj) values ('C62', 'smclugaish1p@nature.com');
insert into correo_cajero (id_cajero, correo_caj) values ('C63', 'fohowbane1q@wordpress.com');
insert into correo_cajero (id_cajero, correo_caj) values ('C64', 'abentham1r@kickstarter.com');
insert into correo_cajero (id_cajero, correo_caj) values ('C65', 'aadderley1s@google.com.br');
insert into correo_cajero (id_cajero, correo_caj) values ('C66', 'skitchenham1t@wufoo.com');
insert into correo_cajero (id_cajero, correo_caj) values ('C67', 'kcluff1u@altervista.org');
insert into correo_cajero (id_cajero, correo_caj) values ('C68', 'gbeaney1v@constantcontact.com');
insert into correo_cajero (id_cajero, correo_caj) values ('C69', 'achellam1w@ocn.ne.jp');
insert into correo_cajero (id_cajero, correo_caj) values ('C70', 'dsymper1x@nifty.com');
insert into correo_cajero (id_cajero, correo_caj) values ('C71', 'sfippe1y@typepad.com');
insert into correo_cajero (id_cajero, correo_caj) values ('C72', 'ukyffin1z@hhs.gov');
insert into correo_cajero (id_cajero, correo_caj) values ('C73', 'jvoules20@mashable.com');
insert into correo_cajero (id_cajero, correo_caj) values ('C74', 'jbrazel21@marriott.com');
insert into correo_cajero (id_cajero, correo_caj) values ('C75', 'usinott22@amazon.co.jp');
insert into correo_cajero (id_cajero, correo_caj) values ('C76', 'elemmon23@cbc.ca');
insert into correo_cajero (id_cajero, correo_caj) values ('C77', 'mmachel24@addtoany.com');
insert into correo_cajero (id_cajero, correo_caj) values ('C78', 'ctramel25@theguardian.com');
insert into correo_cajero (id_cajero, correo_caj) values ('C79', 'mpassfield26@wired.com');
insert into correo_cajero (id_cajero, correo_caj) values ('C80', 'pfearnley27@yolasite.com');
insert into correo_cajero (id_cajero, correo_caj) values ('C81', 'phenighan28@uiuc.edu');
insert into correo_cajero (id_cajero, correo_caj) values ('C82', 'sdarkott29@boston.com');
insert into correo_cajero (id_cajero, correo_caj) values ('C83', 'esilversmidt2a@unblog.fr');
insert into correo_cajero (id_cajero, correo_caj) values ('C84', 'tgoatman2b@economist.com');
insert into correo_cajero (id_cajero, correo_caj) values ('C85', 'gdruel2c@soup.io');
insert into correo_cajero (id_cajero, correo_caj) values ('C86', 'cmuckloe2d@miibeian.gov.cn');
insert into correo_cajero (id_cajero, correo_caj) values ('C87', 'jzylbermann2e@studiopress.com');
insert into correo_cajero (id_cajero, correo_caj) values ('C88', 'adieton2f@berkeley.edu');
insert into correo_cajero (id_cajero, correo_caj) values ('C89', 'mdayly2g@amazonaws.com');
insert into correo_cajero (id_cajero, correo_caj) values ('C90', 'cbrinklow2h@reddit.com');
insert into correo_cajero (id_cajero, correo_caj) values ('C91', 'scollaton2i@samsung.com');
insert into correo_cajero (id_cajero, correo_caj) values ('C92', 'uwhichelow2j@sfgate.com');
insert into correo_cajero (id_cajero, correo_caj) values ('C93', 'dshillum2k@geocities.jp');
insert into correo_cajero (id_cajero, correo_caj) values ('C94', 'darundell2l@webeden.co.uk');
insert into correo_cajero (id_cajero, correo_caj) values ('C95', 'grivalant2m@reuters.com');
insert into correo_cajero (id_cajero, correo_caj) values ('C96', 'bedkins2n@europa.eu');
insert into correo_cajero (id_cajero, correo_caj) values ('C97', 'kwadelin2o@github.io');
insert into correo_cajero (id_cajero, correo_caj) values ('C98', 'cmart2p@sciencedaily.com');
insert into correo_cajero (id_cajero, correo_caj) values ('C99', 'dsilcock2q@geocities.jp');
insert into correo_cajero (id_cajero, correo_caj) values ('C100', 'klund2r@zdnet.com');
insert into cliente (id_cliente, nombre, apellido_paterno, apellido_materno, fecha_nacimiento, direccion) values ('CL1', 'Mellie', 'Battill', 'Lyard', '2006-05-27', '3376 Gerald Junction');
insert into cliente (id_cliente, nombre, apellido_paterno, apellido_materno, fecha_nacimiento, direccion) values ('CL2', 'Emmanuel', 'Salman', 'Beed', '2013-07-26', '5992 Steensland Junction');
insert into cliente (id_cliente, nombre, apellido_paterno, apellido_materno, fecha_nacimiento, direccion) values ('CL3', 'Merrill', 'de Bullion', 'Stansfield', '2018-10-13', '9 American Ash Street');
insert into cliente (id_cliente, nombre, apellido_paterno, apellido_materno, fecha_nacimiento, direccion) values ('CL4', 'Geordie', 'McCullen', 'Trelease', '2005-11-14', '99159 Bultman Lane');
insert into cliente (id_cliente, nombre, apellido_paterno, apellido_materno, fecha_nacimiento, direccion) values ('CL5', 'Jarid', 'Bloom', 'Janks', '2011-01-20', '6 Lawn Plaza');
insert into cliente (id_cliente, nombre, apellido_paterno, apellido_materno, fecha_nacimiento, direccion) values ('CL6', 'Felicity', 'Oty', 'Tavner', '2007-11-07', '79 Express Alley');
insert into cliente (id_cliente, nombre, apellido_paterno, apellido_materno, fecha_nacimiento, direccion) values ('CL7', 'Maury', 'Dargue', 'Sherbourne', '2020-12-21', '57 Graedel Avenue');
insert into cliente (id_cliente, nombre, apellido_paterno, apellido_materno, fecha_nacimiento, direccion) values ('CL8', 'Donaugh', 'Castaner', 'Tidder', '2015-09-04', '83907 Fair Oaks Junction');
insert into cliente (id_cliente, nombre, apellido_paterno, apellido_materno, fecha_nacimiento, direccion) values ('CL9', 'Dionisio', 'Oakshott', 'Batterham', '2013-12-20', '872 5th Parkway');
insert into cliente (id_cliente, nombre, apellido_paterno, apellido_materno, fecha_nacimiento, direccion) values ('CL10', 'Arly', 'Forestall', 'Szymanowicz', '2008-10-23', '054 Veith Pass');
insert into cliente (id_cliente, nombre, apellido_paterno, apellido_materno, fecha_nacimiento, direccion) values ('CL11', 'Leigh', 'Joannic', 'Queripel', '2012-11-24', '0 Carpenter Street');
insert into cliente (id_cliente, nombre, apellido_paterno, apellido_materno, fecha_nacimiento, direccion) values ('CL12', 'Augustina', 'Landsborough', 'Syme', '2009-07-02', '9 Saint Paul Trail');
insert into cliente (id_cliente, nombre, apellido_paterno, apellido_materno, fecha_nacimiento, direccion) values ('CL13', 'Bordie', 'MacClay', 'Kingscott', '2016-11-27', '14140 Mosinee Hill');
insert into cliente (id_cliente, nombre, apellido_paterno, apellido_materno, fecha_nacimiento, direccion) values ('CL14', 'Odo', 'Marzelo', 'Ellesworthe', '2022-11-04', '88 Manitowish Crossing');
insert into cliente (id_cliente, nombre, apellido_paterno, apellido_materno, fecha_nacimiento, direccion) values ('CL15', 'Roscoe', 'Rosenkranc', 'Orts', '2016-01-17', '8 Golf Junction');
insert into cliente (id_cliente, nombre, apellido_paterno, apellido_materno, fecha_nacimiento, direccion) values ('CL16', 'Rozalie', 'Meakes', 'Harty', '2014-11-08', '729 Blackbird Crossing');
insert into cliente (id_cliente, nombre, apellido_paterno, apellido_materno, fecha_nacimiento, direccion) values ('CL17', 'Bel', 'Dash', 'Swatheridge', '2021-01-08', '6 Tony Road');
insert into cliente (id_cliente, nombre, apellido_paterno, apellido_materno, fecha_nacimiento, direccion) values ('CL18', 'Huey', 'Passby', 'Farres', '2006-11-09', '87964 Rowland Junction');
insert into cliente (id_cliente, nombre, apellido_paterno, apellido_materno, fecha_nacimiento, direccion) values ('CL19', 'Adara', 'Brade', 'Lardge', '2005-05-17', '1 Dennis Place');
insert into cliente (id_cliente, nombre, apellido_paterno, apellido_materno, fecha_nacimiento, direccion) values ('CL20', 'Nick', 'Kalinsky', 'Sancroft', '2009-03-02', '388 Namekagon Road');
insert into cliente (id_cliente, nombre, apellido_paterno, apellido_materno, fecha_nacimiento, direccion) values ('CL21', 'Brandea', 'Levy', 'Di Antonio', '2012-10-26', '38128 Dawn Terrace');
insert into cliente (id_cliente, nombre, apellido_paterno, apellido_materno, fecha_nacimiento, direccion) values ('CL22', 'Amalie', 'Febvre', 'Thouless', '2022-09-22', '258 North Way');
insert into cliente (id_cliente, nombre, apellido_paterno, apellido_materno, fecha_nacimiento, direccion) values ('CL23', 'Debee', 'Folger', 'Drane', '2016-08-31', '433 Hagan Avenue');
insert into cliente (id_cliente, nombre, apellido_paterno, apellido_materno, fecha_nacimiento, direccion) values ('CL24', 'Alejoa', 'Sadgrove', 'McGrail', '2009-12-25', '9 Sage Crossing');
insert into cliente (id_cliente, nombre, apellido_paterno, apellido_materno, fecha_nacimiento, direccion) values ('CL25', 'Jimmy', 'Whitmore', 'Hardcastle', '2006-01-16', '0 Basil Point');
insert into cliente (id_cliente, nombre, apellido_paterno, apellido_materno, fecha_nacimiento, direccion) values ('CL26', 'Winnifred', 'Kubiak', 'Snazle', '2011-08-13', '5 Green Lane');
insert into cliente (id_cliente, nombre, apellido_paterno, apellido_materno, fecha_nacimiento, direccion) values ('CL27', 'Leshia', 'Verne', 'Barney', '2019-07-29', '71015 Michigan Parkway');
insert into cliente (id_cliente, nombre, apellido_paterno, apellido_materno, fecha_nacimiento, direccion) values ('CL28', 'Aurthur', 'Causbey', 'Boken', '2016-09-06', '82 Prairie Rose Lane');
insert into cliente (id_cliente, nombre, apellido_paterno, apellido_materno, fecha_nacimiento, direccion) values ('CL29', 'Cary', 'Cords', 'Janauschek', '2016-10-20', '10036 Mockingbird Circle');
insert into cliente (id_cliente, nombre, apellido_paterno, apellido_materno, fecha_nacimiento, direccion) values ('CL30', 'Sonny', 'Lepoidevin', 'Rowcastle', '2007-11-04', '734 Bunker Hill Lane');
insert into cliente (id_cliente, nombre, apellido_paterno, apellido_materno, fecha_nacimiento, direccion) values ('CL31', 'Arri', 'Gorcke', 'Casino', '2011-10-22', '371 Orin Pass');
insert into cliente (id_cliente, nombre, apellido_paterno, apellido_materno, fecha_nacimiento, direccion) values ('CL32', 'Joice', 'Haberjam', 'Noell', '2005-04-13', '6 Susan Way');
insert into cliente (id_cliente, nombre, apellido_paterno, apellido_materno, fecha_nacimiento, direccion) values ('CL33', 'Morley', 'Macknish', 'Wastall', '2017-09-29', '392 Ridge Oak Avenue');
insert into cliente (id_cliente, nombre, apellido_paterno, apellido_materno, fecha_nacimiento, direccion) values ('CL34', 'Dyana', 'Mattocks', 'Perazzo', '2007-11-24', '4577 Anderson Hill');
insert into cliente (id_cliente, nombre, apellido_paterno, apellido_materno, fecha_nacimiento, direccion) values ('CL35', 'Gib', 'Trymme', 'Rickman', '2022-04-11', '80 Harper Court');
insert into cliente (id_cliente, nombre, apellido_paterno, apellido_materno, fecha_nacimiento, direccion) values ('CL36', 'Gregory', 'Jakubski', 'McFfaden', '2021-11-09', '44984 Hazelcrest Center');
insert into cliente (id_cliente, nombre, apellido_paterno, apellido_materno, fecha_nacimiento, direccion) values ('CL37', 'Horst', 'Heild', 'Vittel', '2014-05-11', '22325 Hollow Ridge Street');
insert into cliente (id_cliente, nombre, apellido_paterno, apellido_materno, fecha_nacimiento, direccion) values ('CL38', 'Jarib', 'Greenham', 'Tunn', '2007-12-11', '623 1st Place');
insert into cliente (id_cliente, nombre, apellido_paterno, apellido_materno, fecha_nacimiento, direccion) values ('CL39', 'Spense', 'Goodfield', 'Mattheeuw', '2016-06-27', '92 Dapin Street');
insert into cliente (id_cliente, nombre, apellido_paterno, apellido_materno, fecha_nacimiento, direccion) values ('CL40', 'Georges', 'Pleven', 'Botte', '2009-02-05', '38821 Twin Pines Center');
insert into cliente (id_cliente, nombre, apellido_paterno, apellido_materno, fecha_nacimiento, direccion) values ('CL41', 'Derick', 'Bechley', 'Mayler', '2019-08-11', '89 Pennsylvania Park');
insert into cliente (id_cliente, nombre, apellido_paterno, apellido_materno, fecha_nacimiento, direccion) values ('CL42', 'Gleda', 'Ducker', 'Abrami', '2006-01-02', '67738 Arkansas Way');
insert into cliente (id_cliente, nombre, apellido_paterno, apellido_materno, fecha_nacimiento, direccion) values ('CL43', 'Chrysa', 'Augie', 'Descroix', '2016-03-14', '499 Warner Pass');
insert into cliente (id_cliente, nombre, apellido_paterno, apellido_materno, fecha_nacimiento, direccion) values ('CL44', 'Emanuel', 'Crome', 'Lemarie', '2008-09-29', '56913 Holy Cross Plaza');
insert into cliente (id_cliente, nombre, apellido_paterno, apellido_materno, fecha_nacimiento, direccion) values ('CL45', 'Julio', 'Harrhy', 'Benkin', '2008-11-14', '0786 Manley Center');
insert into cliente (id_cliente, nombre, apellido_paterno, apellido_materno, fecha_nacimiento, direccion) values ('CL46', 'Rois', 'Landal', 'Mackrill', '2014-05-23', '335 Esker Hill');
insert into cliente (id_cliente, nombre, apellido_paterno, apellido_materno, fecha_nacimiento, direccion) values ('CL47', 'Muffin', 'Biss', 'Albany', '2008-07-14', '23 Fairfield Trail');
insert into cliente (id_cliente, nombre, apellido_paterno, apellido_materno, fecha_nacimiento, direccion) values ('CL48', 'Belicia', 'Bradberry', 'Bleibaum', '2006-12-05', '103 Farwell Junction');
insert into cliente (id_cliente, nombre, apellido_paterno, apellido_materno, fecha_nacimiento, direccion) values ('CL49', 'Courtnay', 'Forsyde', 'Collaton', '2019-05-20', '06140 Merrick Center');
insert into cliente (id_cliente, nombre, apellido_paterno, apellido_materno, fecha_nacimiento, direccion) values ('CL50', 'Chandler', 'Tomovic', 'Rains', '2008-08-13', '69 Longview Parkway');
insert into cliente (id_cliente, nombre, apellido_paterno, apellido_materno, fecha_nacimiento, direccion) values ('CL51', 'Chev', 'Brignell', 'Twigger', '2014-11-18', '31948 Logan Court');
insert into cliente (id_cliente, nombre, apellido_paterno, apellido_materno, fecha_nacimiento, direccion) values ('CL52', 'Yvonne', 'Carle', 'Hollyar', '2020-08-05', '4 Hooker Circle');
insert into cliente (id_cliente, nombre, apellido_paterno, apellido_materno, fecha_nacimiento, direccion) values ('CL53', 'Quintilla', 'Castellucci', 'Strognell', '2016-08-10', '2 Esch Junction');
insert into cliente (id_cliente, nombre, apellido_paterno, apellido_materno, fecha_nacimiento, direccion) values ('CL54', 'Hali', 'Coslitt', 'Cromett', '2009-11-11', '94 Eggendart Court');
insert into cliente (id_cliente, nombre, apellido_paterno, apellido_materno, fecha_nacimiento, direccion) values ('CL55', 'Gusta', 'Barwack', 'Tupie', '2014-12-21', '9104 Stuart Avenue');
insert into cliente (id_cliente, nombre, apellido_paterno, apellido_materno, fecha_nacimiento, direccion) values ('CL56', 'Jessika', 'Perigoe', 'Stiebler', '2011-02-10', '8 Derek Center');
insert into cliente (id_cliente, nombre, apellido_paterno, apellido_materno, fecha_nacimiento, direccion) values ('CL57', 'Rae', 'Muckley', 'Cote', '2010-12-18', '3 Mitchell Pass');
insert into cliente (id_cliente, nombre, apellido_paterno, apellido_materno, fecha_nacimiento, direccion) values ('CL58', 'Kari', 'Brightman', 'Reddlesden', '2013-06-27', '199 Bashford Plaza');
insert into cliente (id_cliente, nombre, apellido_paterno, apellido_materno, fecha_nacimiento, direccion) values ('CL59', 'Marijo', 'Agirre', 'Wittrington', '2018-11-12', '88746 Bunker Hill Alley');
insert into cliente (id_cliente, nombre, apellido_paterno, apellido_materno, fecha_nacimiento, direccion) values ('CL60', 'Wilhelm', 'Coniam', 'Tebb', '2018-03-23', '5 Lukken Crossing');
insert into cliente (id_cliente, nombre, apellido_paterno, apellido_materno, fecha_nacimiento, direccion) values ('CL61', 'Teresa', 'Wolfers', 'Brisbane', '2009-06-01', '97555 Shoshone Trail');
insert into cliente (id_cliente, nombre, apellido_paterno, apellido_materno, fecha_nacimiento, direccion) values ('CL62', 'Adelind', 'Jordon', 'Bretherton', '2005-09-26', '26245 Stuart Parkway');
insert into cliente (id_cliente, nombre, apellido_paterno, apellido_materno, fecha_nacimiento, direccion) values ('CL63', 'Arline', 'Baptie', 'Hofer', '2007-06-15', '46930 Briar Crest Point');
insert into cliente (id_cliente, nombre, apellido_paterno, apellido_materno, fecha_nacimiento, direccion) values ('CL64', 'Benyamin', 'Shurrock', 'Fernie', '2017-05-22', '1 Armistice Drive');
insert into cliente (id_cliente, nombre, apellido_paterno, apellido_materno, fecha_nacimiento, direccion) values ('CL65', 'Sanderson', 'Shortt', 'Semeniuk', '2017-02-12', '9296 Manufacturers Circle');
insert into cliente (id_cliente, nombre, apellido_paterno, apellido_materno, fecha_nacimiento, direccion) values ('CL66', 'Corabelle', 'McIllroy', 'Rallings', '2008-04-25', '1 Glacier Hill Junction');
insert into cliente (id_cliente, nombre, apellido_paterno, apellido_materno, fecha_nacimiento, direccion) values ('CL67', 'Bryn', 'Mates', 'Urrey', '2010-12-07', '8401 Brentwood Pass');
insert into cliente (id_cliente, nombre, apellido_paterno, apellido_materno, fecha_nacimiento, direccion) values ('CL68', 'Moina', 'Choke', 'Kener', '2007-12-30', '331 Evergreen Court');
insert into cliente (id_cliente, nombre, apellido_paterno, apellido_materno, fecha_nacimiento, direccion) values ('CL69', 'Ellyn', 'Warton', 'Helsby', '2013-04-21', '39042 Monterey Street');
insert into cliente (id_cliente, nombre, apellido_paterno, apellido_materno, fecha_nacimiento, direccion) values ('CL70', 'Noach', 'Greguol', 'Brigstock', '2019-04-16', '35 New Castle Street');
insert into cliente (id_cliente, nombre, apellido_paterno, apellido_materno, fecha_nacimiento, direccion) values ('CL71', 'Mindy', 'MacLise', 'Pala', '2010-08-21', '98363 Twin Pines Circle');
insert into cliente (id_cliente, nombre, apellido_paterno, apellido_materno, fecha_nacimiento, direccion) values ('CL72', 'Karlen', 'Pullinger', 'Stukings', '2023-03-14', '92604 Melrose Way');
insert into cliente (id_cliente, nombre, apellido_paterno, apellido_materno, fecha_nacimiento, direccion) values ('CL73', 'Agnola', 'Constantinou', 'McMillian', '2023-01-26', '298 Scofield Avenue');
insert into cliente (id_cliente, nombre, apellido_paterno, apellido_materno, fecha_nacimiento, direccion) values ('CL74', 'Becki', 'Gallegos', 'Nano', '2011-05-27', '3 Coleman Street');
insert into cliente (id_cliente, nombre, apellido_paterno, apellido_materno, fecha_nacimiento, direccion) values ('CL75', 'Con', 'Dimberline', 'Bertome', '2020-12-15', '85438 Clyde Gallagher Street');
insert into cliente (id_cliente, nombre, apellido_paterno, apellido_materno, fecha_nacimiento, direccion) values ('CL76', 'Cristabel', 'Rodnight', 'Lyfe', '2010-01-22', '5 Petterle Pass');
insert into cliente (id_cliente, nombre, apellido_paterno, apellido_materno, fecha_nacimiento, direccion) values ('CL77', 'Kyle', 'Tichner', 'Delacote', '2004-12-12', '97863 Rockefeller Park');
insert into cliente (id_cliente, nombre, apellido_paterno, apellido_materno, fecha_nacimiento, direccion) values ('CL78', 'Stella', 'Quarless', 'Nizard', '2014-07-31', '587 Schurz Junction');
insert into cliente (id_cliente, nombre, apellido_paterno, apellido_materno, fecha_nacimiento, direccion) values ('CL79', 'Bartel', 'MacHoste', 'Flament', '2016-08-26', '27106 Burrows Park');
insert into cliente (id_cliente, nombre, apellido_paterno, apellido_materno, fecha_nacimiento, direccion) values ('CL80', 'Britt', 'Cownden', 'Marielle', '2012-08-27', '12764 Prairie Rose Street');
insert into cliente (id_cliente, nombre, apellido_paterno, apellido_materno, fecha_nacimiento, direccion) values ('CL81', 'Sigismondo', 'Antoni', 'Kettles', '2007-10-25', '36373 Homewood Center');
insert into cliente (id_cliente, nombre, apellido_paterno, apellido_materno, fecha_nacimiento, direccion) values ('CL82', 'Mirella', 'Geering', 'Graddon', '2018-03-19', '52921 Mendota Parkway');
insert into cliente (id_cliente, nombre, apellido_paterno, apellido_materno, fecha_nacimiento, direccion) values ('CL83', 'Cortie', 'Linch', 'Rowter', '2005-12-27', '240 Vidon Way');
insert into cliente (id_cliente, nombre, apellido_paterno, apellido_materno, fecha_nacimiento, direccion) values ('CL84', 'Korey', 'Burg', 'Pavy', '2006-05-14', '22 Northfield Drive');
insert into cliente (id_cliente, nombre, apellido_paterno, apellido_materno, fecha_nacimiento, direccion) values ('CL85', 'Caz', 'Cobbe', 'Ellsom', '2010-08-01', '315 Ruskin Circle');
insert into cliente (id_cliente, nombre, apellido_paterno, apellido_materno, fecha_nacimiento, direccion) values ('CL86', 'Coreen', 'Scheffler', 'Jacklin', '2012-08-27', '52870 Milwaukee Park');
insert into cliente (id_cliente, nombre, apellido_paterno, apellido_materno, fecha_nacimiento, direccion) values ('CL87', 'Nessy', 'Blazevic', 'Spennock', '2017-09-23', '2984 Onsgard Street');
insert into cliente (id_cliente, nombre, apellido_paterno, apellido_materno, fecha_nacimiento, direccion) values ('CL88', 'Harmony', 'Moulds', 'Allridge', '2023-01-28', '8398 Mandrake Circle');
insert into cliente (id_cliente, nombre, apellido_paterno, apellido_materno, fecha_nacimiento, direccion) values ('CL89', 'Chlo', 'Ramiro', 'Brobak', '2004-12-10', '971 Talmadge Avenue');
insert into cliente (id_cliente, nombre, apellido_paterno, apellido_materno, fecha_nacimiento, direccion) values ('CL90', 'Yankee', 'Probbin', 'Koba', '2008-09-30', '447 Moose Parkway');
insert into cliente (id_cliente, nombre, apellido_paterno, apellido_materno, fecha_nacimiento, direccion) values ('CL91', 'Sam', 'Vane', 'Stang-Gjertsen', '2007-03-30', '20927 Spaight Crossing');
insert into cliente (id_cliente, nombre, apellido_paterno, apellido_materno, fecha_nacimiento, direccion) values ('CL92', 'Bunni', 'Noury', 'Baish', '2015-01-24', '283 Roth Court');
insert into cliente (id_cliente, nombre, apellido_paterno, apellido_materno, fecha_nacimiento, direccion) values ('CL93', 'Bellanca', 'Marling', 'Dungay', '2017-09-17', '1628 Jenna Plaza');
insert into cliente (id_cliente, nombre, apellido_paterno, apellido_materno, fecha_nacimiento, direccion) values ('CL94', 'Lothaire', 'Chessel', 'Banbrick', '2007-05-04', '2 Porter Terrace');
insert into cliente (id_cliente, nombre, apellido_paterno, apellido_materno, fecha_nacimiento, direccion) values ('CL95', 'Orion', 'Whitten', 'Millwall', '2008-02-19', '26947 Sutteridge Way');
insert into cliente (id_cliente, nombre, apellido_paterno, apellido_materno, fecha_nacimiento, direccion) values ('CL96', 'Meghann', 'Gemmill', 'Lattka', '2005-08-22', '60 Buena Vista Trail');
insert into cliente (id_cliente, nombre, apellido_paterno, apellido_materno, fecha_nacimiento, direccion) values ('CL97', 'Paula', 'Waterhouse', 'Dudbridge', '2014-08-11', '44003 8th Drive');
insert into cliente (id_cliente, nombre, apellido_paterno, apellido_materno, fecha_nacimiento, direccion) values ('CL98', 'Aguste', 'Belhomme', 'Verrill', '2007-07-28', '8 Erie Junction');
insert into cliente (id_cliente, nombre, apellido_paterno, apellido_materno, fecha_nacimiento, direccion) values ('CL99', 'Thomasine', 'Eslinger', 'Harnor', '2013-09-09', '1887 Blaine Crossing');
insert into cliente (id_cliente, nombre, apellido_paterno, apellido_materno, fecha_nacimiento, direccion) values ('CL100', 'Marnia', 'Louca', 'Tipens', '2015-11-14', '1 Golf Course Junction');

insert into tel_cliente (id_cliente, tel_cl) values ('CL1', '9699115246');
insert into tel_cliente (id_cliente, tel_cl) values ('CL2', '9286405227');
insert into tel_cliente (id_cliente, tel_cl) values ('CL3', '5922589008');
insert into tel_cliente (id_cliente, tel_cl) values ('CL4', '2468201604');
insert into tel_cliente (id_cliente, tel_cl) values ('CL5', '5541907187');
insert into tel_cliente (id_cliente, tel_cl) values ('CL6', '9610181112');
insert into tel_cliente (id_cliente, tel_cl) values ('CL7', '7253229053');
insert into tel_cliente (id_cliente, tel_cl) values ('CL8', '1145861407');
insert into tel_cliente (id_cliente, tel_cl) values ('CL9', '3282502559');
insert into tel_cliente (id_cliente, tel_cl) values ('CL10', '4175147020');
insert into tel_cliente (id_cliente, tel_cl) values ('CL11', '8090276059');
insert into tel_cliente (id_cliente, tel_cl) values ('CL12', '7901578777');
insert into tel_cliente (id_cliente, tel_cl) values ('CL13', '0770236634');
insert into tel_cliente (id_cliente, tel_cl) values ('CL14', '5835621701');
insert into tel_cliente (id_cliente, tel_cl) values ('CL15', '0817328548');
insert into tel_cliente (id_cliente, tel_cl) values ('CL16', '0759249598');
insert into tel_cliente (id_cliente, tel_cl) values ('CL17', '9992512423');
insert into tel_cliente (id_cliente, tel_cl) values ('CL18', '8276181627');
insert into tel_cliente (id_cliente, tel_cl) values ('CL19', '1248873092');
insert into tel_cliente (id_cliente, tel_cl) values ('CL20', '4558869045');
insert into tel_cliente (id_cliente, tel_cl) values ('CL21', '2761915038');
insert into tel_cliente (id_cliente, tel_cl) values ('CL22', '7330913995');
insert into tel_cliente (id_cliente, tel_cl) values ('CL23', '7710844294');
insert into tel_cliente (id_cliente, tel_cl) values ('CL24', '0357998472');
insert into tel_cliente (id_cliente, tel_cl) values ('CL25', '7750462392');
insert into tel_cliente (id_cliente, tel_cl) values ('CL26', '9377579023');
insert into tel_cliente (id_cliente, tel_cl) values ('CL27', '8115597694');
insert into tel_cliente (id_cliente, tel_cl) values ('CL28', '3520839083');
insert into tel_cliente (id_cliente, tel_cl) values ('CL29', '4400423018');
insert into tel_cliente (id_cliente, tel_cl) values ('CL30', '5460482720');
insert into tel_cliente (id_cliente, tel_cl) values ('CL31', '4229030681');
insert into tel_cliente (id_cliente, tel_cl) values ('CL32', '2279851121');
insert into tel_cliente (id_cliente, tel_cl) values ('CL33', '1287217125');
insert into tel_cliente (id_cliente, tel_cl) values ('CL34', '7729299682');
insert into tel_cliente (id_cliente, tel_cl) values ('CL35', '9886659688');
insert into tel_cliente (id_cliente, tel_cl) values ('CL36', '9245408787');
insert into tel_cliente (id_cliente, tel_cl) values ('CL37', '0837852323');
insert into tel_cliente (id_cliente, tel_cl) values ('CL38', '8970868143');
insert into tel_cliente (id_cliente, tel_cl) values ('CL39', '1446330850');
insert into tel_cliente (id_cliente, tel_cl) values ('CL40', '0772588597');
insert into tel_cliente (id_cliente, tel_cl) values ('CL41', '5175205129');
insert into tel_cliente (id_cliente, tel_cl) values ('CL42', '7209161988');
insert into tel_cliente (id_cliente, tel_cl) values ('CL43', '3901155503');
insert into tel_cliente (id_cliente, tel_cl) values ('CL44', '7265825764');
insert into tel_cliente (id_cliente, tel_cl) values ('CL45', '5784025163');
insert into tel_cliente (id_cliente, tel_cl) values ('CL46', '7036249366');
insert into tel_cliente (id_cliente, tel_cl) values ('CL47', '8739012530');
insert into tel_cliente (id_cliente, tel_cl) values ('CL48', '5501821524');
insert into tel_cliente (id_cliente, tel_cl) values ('CL49', '7531576465');
insert into tel_cliente (id_cliente, tel_cl) values ('CL50', '3966364131');
insert into tel_cliente (id_cliente, tel_cl) values ('CL51', '9938467822');
insert into tel_cliente (id_cliente, tel_cl) values ('CL52', '8000252686');
insert into tel_cliente (id_cliente, tel_cl) values ('CL53', '6237488456');
insert into tel_cliente (id_cliente, tel_cl) values ('CL54', '8699607806');
insert into tel_cliente (id_cliente, tel_cl) values ('CL55', '0228185653');
insert into tel_cliente (id_cliente, tel_cl) values ('CL56', '7759016182');
insert into tel_cliente (id_cliente, tel_cl) values ('CL57', '4537932260');
insert into tel_cliente (id_cliente, tel_cl) values ('CL58', '5179142679');
insert into tel_cliente (id_cliente, tel_cl) values ('CL59', '2344030204');
insert into tel_cliente (id_cliente, tel_cl) values ('CL60', '8067025223');
insert into tel_cliente (id_cliente, tel_cl) values ('CL61', '2832876951');
insert into tel_cliente (id_cliente, tel_cl) values ('CL62', '6814561484');
insert into tel_cliente (id_cliente, tel_cl) values ('CL63', '8968159033');
insert into tel_cliente (id_cliente, tel_cl) values ('CL64', '7151423675');
insert into tel_cliente (id_cliente, tel_cl) values ('CL65', '7831443568');
insert into tel_cliente (id_cliente, tel_cl) values ('CL66', '7926762229');
insert into tel_cliente (id_cliente, tel_cl) values ('CL67', '0181790556');
insert into tel_cliente (id_cliente, tel_cl) values ('CL68', '6381949457');
insert into tel_cliente (id_cliente, tel_cl) values ('CL69', '5842074893');
insert into tel_cliente (id_cliente, tel_cl) values ('CL70', '0838881394');
insert into tel_cliente (id_cliente, tel_cl) values ('CL71', '3674682540');
insert into tel_cliente (id_cliente, tel_cl) values ('CL72', '5055057939');
insert into tel_cliente (id_cliente, tel_cl) values ('CL73', '6127663237');
insert into tel_cliente (id_cliente, tel_cl) values ('CL74', '1906119716');
insert into tel_cliente (id_cliente, tel_cl) values ('CL75', '4783019347');
insert into tel_cliente (id_cliente, tel_cl) values ('CL76', '1306293766');
insert into tel_cliente (id_cliente, tel_cl) values ('CL77', '5619330214');
insert into tel_cliente (id_cliente, tel_cl) values ('CL78', '8932407290');
insert into tel_cliente (id_cliente, tel_cl) values ('CL79', '7689382223');
insert into tel_cliente (id_cliente, tel_cl) values ('CL80', '3619995494');
insert into tel_cliente (id_cliente, tel_cl) values ('CL81', '6041539384');
insert into tel_cliente (id_cliente, tel_cl) values ('CL82', '4616772878');
insert into tel_cliente (id_cliente, tel_cl) values ('CL83', '0063357690');
insert into tel_cliente (id_cliente, tel_cl) values ('CL84', '2251090673');
insert into tel_cliente (id_cliente, tel_cl) values ('CL85', '7320821672');
insert into tel_cliente (id_cliente, tel_cl) values ('CL86', '2516906358');
insert into tel_cliente (id_cliente, tel_cl) values ('CL87', '8418887583');
insert into tel_cliente (id_cliente, tel_cl) values ('CL88', '2442271699');
insert into tel_cliente (id_cliente, tel_cl) values ('CL89', '2908741075');
insert into tel_cliente (id_cliente, tel_cl) values ('CL90', '9170971188');
insert into tel_cliente (id_cliente, tel_cl) values ('CL91', '0637855418');
insert into tel_cliente (id_cliente, tel_cl) values ('CL92', '1504615050');
insert into tel_cliente (id_cliente, tel_cl) values ('CL93', '1181004527');
insert into tel_cliente (id_cliente, tel_cl) values ('CL94', '3160243990');
insert into tel_cliente (id_cliente, tel_cl) values ('CL95', '7799203404');
insert into tel_cliente (id_cliente, tel_cl) values ('CL96', '6469235034');
insert into tel_cliente (id_cliente, tel_cl) values ('CL97', '5834672388');
insert into tel_cliente (id_cliente, tel_cl) values ('CL98', '5028252343');
insert into tel_cliente (id_cliente, tel_cl) values ('CL99', '0356813460');
insert into tel_cliente (id_cliente, tel_cl) values ('CL100', '7711667191');
insert into correo_cliente (id_cliente, correo_cl) values ('CL1', 'itregunnah0@joomla.org');
insert into correo_cliente (id_cliente, correo_cl) values ('CL2', 'mbaker1@youtu.be');
insert into correo_cliente (id_cliente, correo_cl) values ('CL3', 'mfranek2@ustream.tv');
insert into correo_cliente (id_cliente, correo_cl) values ('CL4', 'rdowse3@arstechnica.com');
insert into correo_cliente (id_cliente, correo_cl) values ('CL5', 'lfey4@exblog.jp');
insert into correo_cliente (id_cliente, correo_cl) values ('CL6', 'ejex5@blogtalkradio.com');
insert into correo_cliente (id_cliente, correo_cl) values ('CL7', 'rstoddart6@digg.com');
insert into correo_cliente (id_cliente, correo_cl) values ('CL8', 'ajakoubec7@webmd.com');
insert into correo_cliente (id_cliente, correo_cl) values ('CL9', 'ayanele8@washingtonpost.com');
insert into correo_cliente (id_cliente, correo_cl) values ('CL10', 'jshipp9@go.com');
insert into correo_cliente (id_cliente, correo_cl) values ('CL11', 'ependricka@examiner.com');
insert into correo_cliente (id_cliente, correo_cl) values ('CL12', 'cpietrzakb@themeforest.net');
insert into correo_cliente (id_cliente, correo_cl) values ('CL13', 'cvanleijsc@ebay.com');
insert into correo_cliente (id_cliente, correo_cl) values ('CL14', 'rhobbertd@techcrunch.com');
insert into correo_cliente (id_cliente, correo_cl) values ('CL15', 'hworsfielde@weebly.com');
insert into correo_cliente (id_cliente, correo_cl) values ('CL16', 'bmontacutef@plala.or.jp');
insert into correo_cliente (id_cliente, correo_cl) values ('CL17', 'nslocombg@paypal.com');
insert into correo_cliente (id_cliente, correo_cl) values ('CL18', 'dwinstanleyh@squidoo.com');
insert into correo_cliente (id_cliente, correo_cl) values ('CL19', 'ndawi@pbs.org');
insert into correo_cliente (id_cliente, correo_cl) values ('CL20', 'ndobneyj@time.com');
insert into correo_cliente (id_cliente, correo_cl) values ('CL21', 'acarrodusk@edublogs.org');
insert into correo_cliente (id_cliente, correo_cl) values ('CL22', 'mrickerdl@wikipedia.org');
insert into correo_cliente (id_cliente, correo_cl) values ('CL23', 'gcowlm@europa.eu');
insert into correo_cliente (id_cliente, correo_cl) values ('CL24', 'mcreeghann@ucoz.com');
insert into correo_cliente (id_cliente, correo_cl) values ('CL25', 'cwinkwortho@list-manage.com');
insert into correo_cliente (id_cliente, correo_cl) values ('CL26', 'tmorfettp@booking.com');
insert into correo_cliente (id_cliente, correo_cl) values ('CL27', 'btomadoniq@sogou.com');
insert into correo_cliente (id_cliente, correo_cl) values ('CL28', 'ppellingarr@altervista.org');
insert into correo_cliente (id_cliente, correo_cl) values ('CL29', 'ebedomes@nba.com');
insert into correo_cliente (id_cliente, correo_cl) values ('CL30', 'hfritzt@hhs.gov');
insert into correo_cliente (id_cliente, correo_cl) values ('CL31', 'rdakinu@1688.com');
insert into correo_cliente (id_cliente, correo_cl) values ('CL32', 'dvanoortv@1und1.de');
insert into correo_cliente (id_cliente, correo_cl) values ('CL33', 'jokeefew@simplemachines.org');
insert into correo_cliente (id_cliente, correo_cl) values ('CL34', 'jjudsonx@addthis.com');
insert into correo_cliente (id_cliente, correo_cl) values ('CL35', 'ozamboniniy@devhub.com');
insert into correo_cliente (id_cliente, correo_cl) values ('CL36', 'thruskaz@zimbio.com');
insert into correo_cliente (id_cliente, correo_cl) values ('CL37', 'awinram10@amazonaws.com');
insert into correo_cliente (id_cliente, correo_cl) values ('CL38', 'atumber11@i2i.jp');
insert into correo_cliente (id_cliente, correo_cl) values ('CL39', 'bbyron12@qq.com');
insert into correo_cliente (id_cliente, correo_cl) values ('CL40', 'vlyte13@sakura.ne.jp');
insert into correo_cliente (id_cliente, correo_cl) values ('CL41', 'rmossop14@cloudflare.com');
insert into correo_cliente (id_cliente, correo_cl) values ('CL42', 'bfinley15@comsenz.com');
insert into correo_cliente (id_cliente, correo_cl) values ('CL43', 'jvaughton16@alexa.com');
insert into correo_cliente (id_cliente, correo_cl) values ('CL44', 'wreynoollds17@wix.com');
insert into correo_cliente (id_cliente, correo_cl) values ('CL45', 'bdielhenn18@mysql.com');
insert into correo_cliente (id_cliente, correo_cl) values ('CL46', 'fshore19@xing.com');
insert into correo_cliente (id_cliente, correo_cl) values ('CL47', 'dpersich1a@bloglovin.com');
insert into correo_cliente (id_cliente, correo_cl) values ('CL48', 'aklug1b@bravesites.com');
insert into correo_cliente (id_cliente, correo_cl) values ('CL49', 'ahakes1c@google.it');
insert into correo_cliente (id_cliente, correo_cl) values ('CL50', 'ltomich1d@ox.ac.uk');
insert into correo_cliente (id_cliente, correo_cl) values ('CL51', 'edenington1e@nsw.gov.au');
insert into correo_cliente (id_cliente, correo_cl) values ('CL52', 'lcoplestone1f@google.com.hk');
insert into correo_cliente (id_cliente, correo_cl) values ('CL53', 'mduffil1g@imgur.com');
insert into correo_cliente (id_cliente, correo_cl) values ('CL54', 'rsanz1h@cornell.edu');
insert into correo_cliente (id_cliente, correo_cl) values ('CL55', 'pcousens1i@wunderground.com');
insert into correo_cliente (id_cliente, correo_cl) values ('CL56', 'mprickett1j@tinypic.com');
insert into correo_cliente (id_cliente, correo_cl) values ('CL57', 'jeverex1k@mail.ru');
insert into correo_cliente (id_cliente, correo_cl) values ('CL58', 'nsmithin1l@china.com.cn');
insert into correo_cliente (id_cliente, correo_cl) values ('CL59', 'bconnue1m@vk.com');
insert into correo_cliente (id_cliente, correo_cl) values ('CL60', 'glittlewood1n@oaic.gov.au');
insert into correo_cliente (id_cliente, correo_cl) values ('CL61', 'jcarle1o@ow.ly');
insert into correo_cliente (id_cliente, correo_cl) values ('CL62', 'speto1p@wikimedia.org');
insert into correo_cliente (id_cliente, correo_cl) values ('CL63', 'jfullstone1q@163.com');
insert into correo_cliente (id_cliente, correo_cl) values ('CL64', 'lninotti1r@homestead.com');
insert into correo_cliente (id_cliente, correo_cl) values ('CL65', 'rdibley1s@webnode.com');
insert into correo_cliente (id_cliente, correo_cl) values ('CL66', 'dopdenorth1t@guardian.co.uk');
insert into correo_cliente (id_cliente, correo_cl) values ('CL67', 'kberceros1u@example.com');
insert into correo_cliente (id_cliente, correo_cl) values ('CL68', 'ehevner1v@arizona.edu');
insert into correo_cliente (id_cliente, correo_cl) values ('CL69', 'lskentelbery1w@google.com.au');
insert into correo_cliente (id_cliente, correo_cl) values ('CL70', 'aattawell1x@google.co.jp');
insert into correo_cliente (id_cliente, correo_cl) values ('CL71', 'mcordaroy1y@tripod.com');
insert into correo_cliente (id_cliente, correo_cl) values ('CL72', 'ltribbeck1z@jugem.jp');
insert into correo_cliente (id_cliente, correo_cl) values ('CL73', 'aradish20@webnode.com');
insert into correo_cliente (id_cliente, correo_cl) values ('CL74', 'fdedon21@miibeian.gov.cn');
insert into correo_cliente (id_cliente, correo_cl) values ('CL75', 'dtucknutt22@cmu.edu');
insert into correo_cliente (id_cliente, correo_cl) values ('CL76', 'blillicrap23@cnbc.com');
insert into correo_cliente (id_cliente, correo_cl) values ('CL77', 'nbean24@marketwatch.com');
insert into correo_cliente (id_cliente, correo_cl) values ('CL78', 'ocline25@earthlink.net');
insert into correo_cliente (id_cliente, correo_cl) values ('CL79', 'wupfold26@webs.com');
insert into correo_cliente (id_cliente, correo_cl) values ('CL80', 'hgrenshiels27@yolasite.com');
insert into correo_cliente (id_cliente, correo_cl) values ('CL81', 'fhacker28@addtoany.com');
insert into correo_cliente (id_cliente, correo_cl) values ('CL82', 'kyeliashev29@wikimedia.org');
insert into correo_cliente (id_cliente, correo_cl) values ('CL83', 'afuggle2a@discovery.com');
insert into correo_cliente (id_cliente, correo_cl) values ('CL84', 'cgoodey2b@vk.com');
insert into correo_cliente (id_cliente, correo_cl) values ('CL85', 'lturfs2c@bizjournals.com');
insert into correo_cliente (id_cliente, correo_cl) values ('CL86', 'ageratt2d@shareasale.com');
insert into correo_cliente (id_cliente, correo_cl) values ('CL87', 'soret2e@edublogs.org');
insert into correo_cliente (id_cliente, correo_cl) values ('CL88', 'ivarndall2f@reuters.com');
insert into correo_cliente (id_cliente, correo_cl) values ('CL89', 'lspriggen2g@washington.edu');
insert into correo_cliente (id_cliente, correo_cl) values ('CL90', 'aburk2h@wikipedia.org');
insert into correo_cliente (id_cliente, correo_cl) values ('CL91', 'djebb2i@vistaprint.com');
insert into correo_cliente (id_cliente, correo_cl) values ('CL92', 'slegood2j@timesonline.co.uk');
insert into correo_cliente (id_cliente, correo_cl) values ('CL93', 'cmanlow2k@myspace.com');
insert into correo_cliente (id_cliente, correo_cl) values ('CL94', 'cschumacher2l@squarespace.com');
insert into correo_cliente (id_cliente, correo_cl) values ('CL95', 'chuggard2m@webmd.com');
insert into correo_cliente (id_cliente, correo_cl) values ('CL96', 'rtrahar2n@tamu.edu');
insert into correo_cliente (id_cliente, correo_cl) values ('CL97', 'bpendrigh2o@spotify.com');
insert into correo_cliente (id_cliente, correo_cl) values ('CL98', 'smcgowran2p@blogger.com');
insert into correo_cliente (id_cliente, correo_cl) values ('CL99', 'rpointin2q@digg.com');
insert into correo_cliente (id_cliente, correo_cl) values ('CL100', 'ofaber2r@sbwire.com');
insert into venta (id_venta, id_sucursal, id_cajero , id_cliente, metodo , cantidad_producto, precio_desglose) values ('V1', 2, 'C1', 'CL1', 'Debito', 19, 11981);
insert into venta (id_venta, id_sucursal, id_cajero , id_cliente, metodo , cantidad_producto, precio_desglose) values ('V2', 3, 'C2', 'CL2', 'Debito', 19, 10400);
insert into venta (id_venta, id_sucursal, id_cajero , id_cliente, metodo , cantidad_producto, precio_desglose) values ('V3', 4, 'C3', 'CL3', 'Credito', 26, 585);
insert into venta (id_venta, id_sucursal, id_cajero , id_cliente, metodo , cantidad_producto, precio_desglose) values ('V4', 5, 'C4', 'CL4', 'Debito', 26, 4587);
insert into venta (id_venta, id_sucursal, id_cajero , id_cliente, metodo , cantidad_producto, precio_desglose) values ('V5', 6, 'C5', 'CL5', 'Credito', 14, 11422);
insert into venta (id_venta, id_sucursal, id_cajero , id_cliente, metodo , cantidad_producto, precio_desglose) values ('V6', 7, 'C6', 'CL6', 'Credito', 13, 2669);
insert into venta (id_venta, id_sucursal, id_cajero , id_cliente, metodo , cantidad_producto, precio_desglose) values ('V7', 8, 'C7', 'CL7', 'Credito', 19, 15178);
insert into venta (id_venta, id_sucursal, id_cajero , id_cliente, metodo , cantidad_producto, precio_desglose) values ('V8', 9, 'C8', 'CL8', 'Debito', 25, 7462);
insert into venta (id_venta, id_sucursal, id_cajero , id_cliente, metodo , cantidad_producto, precio_desglose) values ('V9', 10, 'C9', 'CL9', 'Debito', 10, 7981);
insert into venta (id_venta, id_sucursal, id_cajero , id_cliente, metodo , cantidad_producto, precio_desglose) values ('V10', 11, 'C10', 'CL10', 'Debito', 20, 12233);
insert into venta (id_venta, id_sucursal, id_cajero , id_cliente, metodo , cantidad_producto, precio_desglose) values ('V11', 12, 'C11', 'CL11', 'Debito', 4, 10349);
insert into venta (id_venta, id_sucursal, id_cajero , id_cliente, metodo , cantidad_producto, precio_desglose) values ('V12', 13, 'C12', 'CL12', 'Efectivo', 16, 11982);
insert into venta (id_venta, id_sucursal, id_cajero , id_cliente, metodo , cantidad_producto, precio_desglose) values ('V13', 14, 'C13', 'CL13', 'Credito', 5, 1490);
insert into venta (id_venta, id_sucursal, id_cajero , id_cliente, metodo , cantidad_producto, precio_desglose) values ('V14', 15, 'C14', 'CL14', 'Credito', 27, 2980);
insert into venta (id_venta, id_sucursal, id_cajero , id_cliente, metodo , cantidad_producto, precio_desglose) values ('V15', 1, 'C15', 'CL15', 'Efectivo', 4, 15377);
insert into venta (id_venta, id_sucursal, id_cajero , id_cliente, metodo , cantidad_producto, precio_desglose) values ('V16', 2, 'C16', 'CL16', 'Debito', 25, 13650);
insert into venta (id_venta, id_sucursal, id_cajero , id_cliente, metodo , cantidad_producto, precio_desglose) values ('V17', 3, 'C17', 'CL17', 'Efectivo', 27, 7301);
insert into venta (id_venta, id_sucursal, id_cajero , id_cliente, metodo , cantidad_producto, precio_desglose) values ('V18', 4, 'C18', 'CL18', 'Credito', 9, 10749);
insert into venta (id_venta, id_sucursal, id_cajero , id_cliente, metodo , cantidad_producto, precio_desglose) values ('V19', 5, 'C19', 'CL19', 'Credito', 17, 929);
insert into venta (id_venta, id_sucursal, id_cajero , id_cliente, metodo , cantidad_producto, precio_desglose) values ('V20', 6, 'C20', 'CL20', 'Credito', 25, 14928);
insert into venta (id_venta, id_sucursal, id_cajero , id_cliente, metodo , cantidad_producto, precio_desglose) values ('V21', 7, 'C21', 'CL21', 'Debito', 11, 3414);
insert into venta (id_venta, id_sucursal, id_cajero , id_cliente, metodo , cantidad_producto, precio_desglose) values ('V22', 8, 'C22', 'CL22', 'Debito', 5, 7827);
insert into venta (id_venta, id_sucursal, id_cajero , id_cliente, metodo , cantidad_producto, precio_desglose) values ('V23', 9, 'C23', 'CL23', 'Efectivo', 22, 4361);
insert into venta (id_venta, id_sucursal, id_cajero , id_cliente, metodo , cantidad_producto, precio_desglose) values ('V24', 10, 'C24', 'CL24', 'Debito', 16, 1535);
insert into venta (id_venta, id_sucursal, id_cajero , id_cliente, metodo , cantidad_producto, precio_desglose) values ('V25', 11, 'C25', 'CL25', 'Efectivo', 8, 14870);
insert into venta (id_venta, id_sucursal, id_cajero , id_cliente, metodo , cantidad_producto, precio_desglose) values ('V26', 12, 'C26', 'CL26', 'Efectivo', 7, 12846);
insert into venta (id_venta, id_sucursal, id_cajero , id_cliente, metodo , cantidad_producto, precio_desglose) values ('V27', 13, 'C27', 'CL27', 'Debito', 18, 4946);
insert into venta (id_venta, id_sucursal, id_cajero , id_cliente, metodo , cantidad_producto, precio_desglose) values ('V28', 14, 'C28', 'CL28', 'Efectivo', 13, 13592);
insert into venta (id_venta, id_sucursal, id_cajero , id_cliente, metodo , cantidad_producto, precio_desglose) values ('V29', 15, 'C29', 'CL29', 'Efectivo', 22, 14716);
insert into venta (id_venta, id_sucursal, id_cajero , id_cliente, metodo , cantidad_producto, precio_desglose) values ('V30', 1, 'C30', 'CL30', 'Debito', 23, 10058);
insert into venta (id_venta, id_sucursal, id_cajero , id_cliente, metodo , cantidad_producto, precio_desglose) values ('V31', 2, 'C31', 'CL31', 'Credito', 7, 2699);
insert into venta (id_venta, id_sucursal, id_cajero , id_cliente, metodo , cantidad_producto, precio_desglose) values ('V32', 3, 'C32', 'CL32', 'Efectivo', 12, 6110);
insert into venta (id_venta, id_sucursal, id_cajero , id_cliente, metodo , cantidad_producto, precio_desglose) values ('V33', 4, 'C33', 'CL33', 'Debito', 13, 9610);
insert into venta (id_venta, id_sucursal, id_cajero , id_cliente, metodo , cantidad_producto, precio_desglose) values ('V34', 5, 'C34', 'CL34', 'Efectivo', 6, 9893);
insert into venta (id_venta, id_sucursal, id_cajero , id_cliente, metodo , cantidad_producto, precio_desglose) values ('V35', 6, 'C35', 'CL35', 'Efectivo', 13, 5197);
insert into venta (id_venta, id_sucursal, id_cajero , id_cliente, metodo , cantidad_producto, precio_desglose) values ('V36', 7, 'C36', 'CL36', 'Debito', 25, 7695);
insert into venta (id_venta, id_sucursal, id_cajero , id_cliente, metodo , cantidad_producto, precio_desglose) values ('V37', 8, 'C37', 'CL37', 'Credito', 26, 6362);
insert into venta (id_venta, id_sucursal, id_cajero , id_cliente, metodo , cantidad_producto, precio_desglose) values ('V38', 9, 'C38', 'CL38', 'Efectivo', 9, 10923);
insert into venta (id_venta, id_sucursal, id_cajero , id_cliente, metodo , cantidad_producto, precio_desglose) values ('V39', 10, 'C39', 'CL39', 'Debito', 7, 5147);
insert into venta (id_venta, id_sucursal, id_cajero , id_cliente, metodo , cantidad_producto, precio_desglose) values ('V40', 11, 'C40', 'CL40', 'Credito', 4, 8957);
insert into venta (id_venta, id_sucursal, id_cajero , id_cliente, metodo , cantidad_producto, precio_desglose) values ('V41', 12, 'C41', 'CL41', 'Debito', 10, 15469);
insert into venta (id_venta, id_sucursal, id_cajero , id_cliente, metodo , cantidad_producto, precio_desglose) values ('V42', 13, 'C42', 'CL42', 'Credito', 5, 10456);
insert into venta (id_venta, id_sucursal, id_cajero , id_cliente, metodo , cantidad_producto, precio_desglose) values ('V43', 14, 'C43', 'CL43', 'Debito', 11, 10766);
insert into venta (id_venta, id_sucursal, id_cajero , id_cliente, metodo , cantidad_producto, precio_desglose) values ('V44', 15, 'C44', 'CL44', 'Credito', 4, 7864);
insert into venta (id_venta, id_sucursal, id_cajero , id_cliente, metodo , cantidad_producto, precio_desglose) values ('V45', 1, 'C45', 'CL45', 'Debito', 19, 1102);
insert into venta (id_venta, id_sucursal, id_cajero , id_cliente, metodo , cantidad_producto, precio_desglose) values ('V46', 2, 'C46', 'CL46', 'Debito', 5, 12328);
insert into venta (id_venta, id_sucursal, id_cajero , id_cliente, metodo , cantidad_producto, precio_desglose) values ('V47', 3, 'C47', 'CL47', 'Credito', 17, 14041);
insert into venta (id_venta, id_sucursal, id_cajero , id_cliente, metodo , cantidad_producto, precio_desglose) values ('V48', 4, 'C48', 'CL48', 'Debito', 19, 8555);
insert into venta (id_venta, id_sucursal, id_cajero , id_cliente, metodo , cantidad_producto, precio_desglose) values ('V49', 5, 'C49', 'CL49', 'Credito', 10, 11950);
insert into venta (id_venta, id_sucursal, id_cajero , id_cliente, metodo , cantidad_producto, precio_desglose) values ('V50', 6, 'C50', 'CL50', 'Efectivo', 12, 11530);
insert into venta (id_venta, id_sucursal, id_cajero , id_cliente, metodo , cantidad_producto, precio_desglose) values ('V51', 7, 'C51', 'CL51', 'Credito', 9, 7957);
insert into venta (id_venta, id_sucursal, id_cajero , id_cliente, metodo , cantidad_producto, precio_desglose) values ('V52', 8, 'C52', 'CL52', 'Efectivo', 18, 8805);
insert into venta (id_venta, id_sucursal, id_cajero , id_cliente, metodo , cantidad_producto, precio_desglose) values ('V53', 9, 'C53', 'CL53', 'Credito', 18, 13850);
insert into venta (id_venta, id_sucursal, id_cajero , id_cliente, metodo , cantidad_producto, precio_desglose) values ('V54', 10, 'C54', 'CL54', 'Credito', 6, 12368);
insert into venta (id_venta, id_sucursal, id_cajero , id_cliente, metodo , cantidad_producto, precio_desglose) values ('V55', 11, 'C55', 'CL55', 'Debito', 21, 14919);
insert into venta (id_venta, id_sucursal, id_cajero , id_cliente, metodo , cantidad_producto, precio_desglose) values ('V56', 12, 'C56', 'CL56', 'Efectivo', 5, 4591);
insert into venta (id_venta, id_sucursal, id_cajero , id_cliente, metodo , cantidad_producto, precio_desglose) values ('V57', 13, 'C57', 'CL57', 'Efectivo', 19, 14575);
insert into venta (id_venta, id_sucursal, id_cajero , id_cliente, metodo , cantidad_producto, precio_desglose) values ('V58', 14, 'C58', 'CL58', 'Efectivo', 10, 7623);
insert into venta (id_venta, id_sucursal, id_cajero , id_cliente, metodo , cantidad_producto, precio_desglose) values ('V59', 15, 'C59', 'CL59', 'Efectivo', 20, 5647);
insert into venta (id_venta, id_sucursal, id_cajero , id_cliente, metodo , cantidad_producto, precio_desglose) values ('V60', 1, 'C60', 'CL60', 'Credito', 27, 10554);
insert into venta (id_venta, id_sucursal, id_cajero , id_cliente, metodo , cantidad_producto, precio_desglose) values ('V61', 2, 'C61', 'CL61', 'Debito', 21, 15424);
insert into venta (id_venta, id_sucursal, id_cajero , id_cliente, metodo , cantidad_producto, precio_desglose) values ('V62', 3, 'C62', 'CL62', 'Credito', 24, 1877);
insert into venta (id_venta, id_sucursal, id_cajero , id_cliente, metodo , cantidad_producto, precio_desglose) values ('V63', 4, 'C63', 'CL63', 'Credito', 5, 3231);
insert into venta (id_venta, id_sucursal, id_cajero , id_cliente, metodo , cantidad_producto, precio_desglose) values ('V64', 5, 'C64', 'CL64', 'Credito', 26, 12327);
insert into venta (id_venta, id_sucursal, id_cajero , id_cliente, metodo , cantidad_producto, precio_desglose) values ('V65', 6, 'C65', 'CL65', 'Efectivo', 7, 7430);
insert into venta (id_venta, id_sucursal, id_cajero , id_cliente, metodo , cantidad_producto, precio_desglose) values ('V66', 7, 'C66', 'CL66', 'Efectivo', 21, 15734);
insert into venta (id_venta, id_sucursal, id_cajero , id_cliente, metodo , cantidad_producto, precio_desglose) values ('V67', 8, 'C67', 'CL67', 'Credito', 17, 5765);
insert into venta (id_venta, id_sucursal, id_cajero , id_cliente, metodo , cantidad_producto, precio_desglose) values ('V68', 9, 'C68', 'CL68', 'Efectivo', 22, 7279);
insert into venta (id_venta, id_sucursal, id_cajero , id_cliente, metodo , cantidad_producto, precio_desglose) values ('V69', 10, 'C69', 'CL69', 'Debito', 20, 6940);
insert into venta (id_venta, id_sucursal, id_cajero , id_cliente, metodo , cantidad_producto, precio_desglose) values ('V70', 11, 'C70', 'CL70', 'Credito', 7, 7379);
insert into venta (id_venta, id_sucursal, id_cajero , id_cliente, metodo , cantidad_producto, precio_desglose) values ('V71', 12, 'C71', 'CL71', 'Credito', 9, 8934);
insert into venta (id_venta, id_sucursal, id_cajero , id_cliente, metodo , cantidad_producto, precio_desglose) values ('V72', 13, 'C72', 'CL72', 'Debito', 13, 5502);
insert into venta (id_venta, id_sucursal, id_cajero , id_cliente, metodo , cantidad_producto, precio_desglose) values ('V73', 14, 'C73', 'CL73', 'Debito', 25, 2654);
insert into venta (id_venta, id_sucursal, id_cajero , id_cliente, metodo , cantidad_producto, precio_desglose) values ('V74', 15, 'C74', 'CL74', 'Efectivo', 25, 10812);
insert into venta (id_venta, id_sucursal, id_cajero , id_cliente, metodo , cantidad_producto, precio_desglose) values ('V75', 1, 'C75', 'CL75', 'Credito', 24, 4645);
insert into venta (id_venta, id_sucursal, id_cajero , id_cliente, metodo , cantidad_producto, precio_desglose) values ('V76', 2, 'C76', 'CL76', 'Efectivo', 10, 3684);
insert into venta (id_venta, id_sucursal, id_cajero , id_cliente, metodo , cantidad_producto, precio_desglose) values ('V77', 3, 'C77', 'CL77', 'Efectivo', 24, 8419);
insert into venta (id_venta, id_sucursal, id_cajero , id_cliente, metodo , cantidad_producto, precio_desglose) values ('V78', 4, 'C78', 'CL78', 'Debito', 14, 6236);
insert into venta (id_venta, id_sucursal, id_cajero , id_cliente, metodo , cantidad_producto, precio_desglose) values ('V79', 5, 'C79', 'CL79', 'Debito', 11, 7816);
insert into venta (id_venta, id_sucursal, id_cajero , id_cliente, metodo , cantidad_producto, precio_desglose) values ('V80', 6, 'C80', 'CL80', 'Credito', 6, 1473);
insert into venta (id_venta, id_sucursal, id_cajero , id_cliente, metodo , cantidad_producto, precio_desglose) values ('V81', 7, 'C81', 'CL81', 'Efectivo', 7, 2414);
insert into venta (id_venta, id_sucursal, id_cajero , id_cliente, metodo , cantidad_producto, precio_desglose) values ('V82', 8, 'C82', 'CL82', 'Efectivo', 16, 15908);
insert into venta (id_venta, id_sucursal, id_cajero , id_cliente, metodo , cantidad_producto, precio_desglose) values ('V83', 9, 'C83', 'CL83', 'Debito', 12, 6496);
insert into venta (id_venta, id_sucursal, id_cajero , id_cliente, metodo , cantidad_producto, precio_desglose) values ('V84', 10, 'C84', 'CL84', 'Credito', 14, 4676);
insert into venta (id_venta, id_sucursal, id_cajero , id_cliente, metodo , cantidad_producto, precio_desglose) values ('V85', 11, 'C85', 'CL85', 'Debito', 17, 15069);
insert into venta (id_venta, id_sucursal, id_cajero , id_cliente, metodo , cantidad_producto, precio_desglose) values ('V86', 12, 'C86', 'CL86', 'Credito', 13, 1069);
insert into venta (id_venta, id_sucursal, id_cajero , id_cliente, metodo , cantidad_producto, precio_desglose) values ('V87', 13, 'C87', 'CL87', 'Credito', 4, 3540);
insert into venta (id_venta, id_sucursal, id_cajero , id_cliente, metodo , cantidad_producto, precio_desglose) values ('V88', 14, 'C88', 'CL88', 'Credito', 5, 2889);
insert into venta (id_venta, id_sucursal, id_cajero , id_cliente, metodo , cantidad_producto, precio_desglose) values ('V89', 15, 'C89', 'CL89', 'Efectivo', 12, 6520);
insert into venta (id_venta, id_sucursal, id_cajero , id_cliente, metodo , cantidad_producto, precio_desglose) values ('V90', 1, 'C90', 'CL90', 'Efectivo', 9, 8087);
insert into venta (id_venta, id_sucursal, id_cajero , id_cliente, metodo , cantidad_producto, precio_desglose) values ('V91', 2, 'C91', 'CL91', 'Credito', 21, 11208);
insert into venta (id_venta, id_sucursal, id_cajero , id_cliente, metodo , cantidad_producto, precio_desglose) values ('V92', 3, 'C92', 'CL92', 'Efectivo', 11, 10920);
insert into venta (id_venta, id_sucursal, id_cajero , id_cliente, metodo , cantidad_producto, precio_desglose) values ('V93', 4, 'C93', 'CL93', 'Efectivo', 21, 5172);
insert into venta (id_venta, id_sucursal, id_cajero , id_cliente, metodo , cantidad_producto, precio_desglose) values ('V94', 5, 'C94', 'CL94', 'Efectivo', 22, 13683);
insert into venta (id_venta, id_sucursal, id_cajero , id_cliente, metodo , cantidad_producto, precio_desglose) values ('V95', 6, 'C95', 'CL95', 'Debito', 24, 14499);
insert into venta (id_venta, id_sucursal, id_cajero , id_cliente, metodo , cantidad_producto, precio_desglose) values ('V96', 7, 'C96', 'CL96', 'Efectivo', 6, 14919);
insert into venta (id_venta, id_sucursal, id_cajero , id_cliente, metodo , cantidad_producto, precio_desglose) values ('V97', 8, 'C97', 'CL97', 'Efectivo', 24, 12031);
insert into venta (id_venta, id_sucursal, id_cajero , id_cliente, metodo , cantidad_producto, precio_desglose) values ('V98', 9, 'C98', 'CL98', 'Debito', 4, 12759);
insert into venta (id_venta, id_sucursal, id_cajero , id_cliente, metodo , cantidad_producto, precio_desglose) values ('V99', 10, 'C99', 'CL99', 'Credito', 19, 10696);
insert into venta (id_venta, id_sucursal, id_cajero , id_cliente, metodo , cantidad_producto, precio_desglose) values ('V100', 11, 'C100', 'CL100', 'Efectivo', 9, 133);
